cycle_id,machine_id,operator_id,timestamp,task_type,soil_condition,load_condition,cycle_time_seconds,fuel_used_l,load_amount_tons,idle_time_seconds,is_post_coaching
CYC_0001,EXC001,OP_EXP_001,2026-08-10T07:00:00,trenching,soft,medium,35.41,0.177,1.95,0.82,0
CYC_0002,EXC002,OP_EXP_001,2026-08-10T07:00:41,trenching,soft,medium,34.75,0.184,1.93,1.06,0
CYC_0003,EXC003,OP_EXP_001,2026-08-10T07:01:21,trenching,soft,medium,34.64,0.168,1.94,1.14,0
CYC_0004,EXC004,OP_EXP_001,2026-08-10T07:02:01,trenching,soft,medium,37.1,0.189,1.91,1.02,0
CYC_0005,EXC005,OP_EXP_001,2026-08-10T07:02:44,trenching,soft,medium,35.61,0.176,1.94,1.05,0
CYC_0006,EXC001,OP_EXP_001,2026-08-10T07:03:25,trenching,soft,medium,34.42,0.172,1.94,1.12,0
CYC_0007,EXC002,OP_EXP_001,2026-08-10T07:04:05,trenching,soft,medium,35.88,0.19,1.94,1.01,0
CYC_0008,EXC003,OP_EXP_001,2026-08-10T07:04:46,trenching,soft,medium,35.78,0.173,1.98,0.76,0
CYC_0009,EXC004,OP_EXP_001,2026-08-10T07:05:27,trenching,soft,medium,35.34,0.18,1.96,0.69,0
CYC_0010,EXC005,OP_EXP_001,2026-08-10T07:06:08,trenching,soft,medium,34.45,0.17,1.97,0.55,0
CYC_0011,EXC001,OP_EXP_001,2026-08-10T07:06:48,trenching,soft,medium,38.16,0.19,1.96,1.09,0
CYC_0012,EXC002,OP_EXP_001,2026-08-10T07:07:32,trenching,soft,medium,36.8,0.195,1.94,1.25,0
CYC_0013,EXC003,OP_EXP_001,2026-08-10T07:08:14,trenching,soft,medium,35.37,0.171,1.95,0.74,0
CYC_0014,EXC004,OP_EXP_001,2026-08-10T07:08:55,trenching,soft,medium,35.73,0.182,1.92,0.7,0
CYC_0015,EXC005,OP_EXP_001,2026-08-10T07:09:36,trenching,soft,medium,37.47,0.185,1.94,0.86,0
CYC_0016,EXC001,OP_EXP_001,2026-08-10T07:10:19,trenching,soft,medium,36.4,0.182,1.96,0.66,0
CYC_0017,EXC002,OP_EXP_001,2026-08-10T07:11:01,trenching,soft,medium,35.44,0.188,1.91,0.69,0
CYC_0018,EXC003,OP_EXP_001,2026-08-10T07:11:42,trenching,soft,medium,36.32,0.176,1.93,0.78,0
CYC_0019,EXC004,OP_EXP_001,2026-08-10T07:12:24,trenching,soft,medium,35.38,0.18,1.95,0.6,0
CYC_0020,EXC005,OP_EXP_001,2026-08-10T07:13:05,trenching,soft,medium,35.96,0.178,1.97,0.47,0
CYC_0021,EXC001,OP_EXP_001,2026-08-10T07:13:46,trenching,soft,medium,33.91,0.169,1.94,0.53,0
CYC_0022,EXC002,OP_EXP_001,2026-08-10T07:14:25,trenching,soft,medium,34.74,0.184,1.97,0.33,0
CYC_0023,EXC003,OP_EXP_001,2026-08-10T07:15:05,trenching,soft,medium,33.84,0.164,1.91,0.79,0
CYC_0024,EXC004,OP_EXP_001,2026-08-10T07:15:44,trenching,soft,medium,36.87,0.188,1.98,1.01,0
CYC_0025,EXC005,OP_EXP_001,2026-08-10T07:16:26,trenching,soft,medium,34.01,0.168,1.96,0.48,0
CYC_0026,EXC001,OP_EXP_001,2026-08-10T07:17:06,trenching,soft,medium,34.62,0.173,1.97,0.68,0
CYC_0027,EXC002,OP_EXP_001,2026-08-10T07:17:46,trenching,soft,medium,35.47,0.188,1.97,0.2,0
CYC_0028,EXC003,OP_EXP_001,2026-08-10T07:18:27,trenching,soft,medium,35.79,0.173,1.97,0.86,0
CYC_0029,EXC004,OP_EXP_001,2026-08-10T07:19:08,trenching,soft,medium,35.56,0.181,1.96,0.85,0
CYC_0030,EXC005,OP_EXP_001,2026-08-10T07:19:49,trenching,soft,medium,34.19,0.169,1.94,1.19,0
CYC_0031,EXC001,OP_EXP_001,2026-08-10T07:20:29,trenching,soft,medium,36.57,0.183,1.98,0.75,0
CYC_0032,EXC002,OP_EXP_001,2026-08-10T07:21:11,trenching,soft,medium,35.74,0.189,1.97,0.68,0
CYC_0033,EXC003,OP_EXP_001,2026-08-10T07:21:52,trenching,soft,medium,37.32,0.181,1.91,1.36,0
CYC_0034,EXC004,OP_EXP_001,2026-08-10T07:22:35,trenching,soft,medium,36.94,0.188,1.98,1.26,0
CYC_0035,EXC005,OP_EXP_001,2026-08-10T07:23:17,trenching,soft,medium,34.54,0.171,1.93,0.58,0
CYC_0036,EXC001,OP_EXP_001,2026-08-10T07:23:57,trenching,soft,medium,37.11,0.185,1.94,0.95,0
CYC_0037,EXC002,OP_EXP_001,2026-08-10T07:24:40,trenching,soft,medium,35.26,0.187,1.94,0.77,0
CYC_0038,EXC003,OP_EXP_001,2026-08-10T07:25:21,trenching,soft,medium,34.65,0.168,1.97,0.94,0
CYC_0039,EXC004,OP_EXP_001,2026-08-10T07:26:01,trenching,soft,medium,35.24,0.179,1.94,0.72,0
CYC_0040,EXC005,OP_EXP_001,2026-08-10T07:26:42,trenching,soft,medium,35.49,0.175,1.95,0.7,0
CYC_0041,EXC001,OP_EXP_001,2026-08-10T07:27:23,trenching,soft,medium,36.38,0.182,1.96,0.4,0
CYC_0042,EXC002,OP_EXP_001,2026-08-10T07:28:05,trenching,soft,medium,35.17,0.186,1.97,0.62,0
CYC_0043,EXC003,OP_EXP_001,2026-08-10T07:28:46,trenching,soft,medium,36.56,0.177,1.94,0.74,0
CYC_0044,EXC004,OP_EXP_001,2026-08-10T07:29:28,trenching,soft,medium,34.64,0.176,1.94,1.06,0
CYC_0045,EXC005,OP_EXP_001,2026-08-10T07:30:08,trenching,soft,medium,35.93,0.178,1.96,1.02,0
CYC_0046,EXC001,OP_EXP_001,2026-08-10T07:30:49,trenching,soft,medium,34.1,0.17,1.95,0.74,0
CYC_0047,EXC002,OP_EXP_001,2026-08-10T07:31:29,trenching,soft,medium,34.42,0.182,1.97,0.96,0
CYC_0048,EXC003,OP_EXP_001,2026-08-10T07:32:09,trenching,soft,medium,35.87,0.174,1.96,0.82,0
CYC_0049,EXC004,OP_EXP_001,2026-08-10T07:32:50,trenching,soft,medium,33.86,0.172,1.94,1.08,0
CYC_0050,EXC005,OP_EXP_001,2026-08-10T07:33:29,trenching,soft,medium,36.07,0.178,1.94,0.57,0
CYC_0051,EXC001,OP_EXP_001,2026-08-10T07:34:11,trenching,soft,medium,36.99,0.185,1.97,0.6,0
CYC_0052,EXC002,OP_EXP_001,2026-08-10T07:34:53,trenching,soft,medium,36.18,0.191,1.96,0.87,0
CYC_0053,EXC003,OP_EXP_001,2026-08-10T07:35:35,trenching,soft,medium,35.19,0.17,1.97,1.27,0
CYC_0054,EXC004,OP_EXP_001,2026-08-10T07:36:16,trenching,soft,medium,35.37,0.18,1.95,1.01,0
CYC_0055,EXC005,OP_EXP_001,2026-08-10T07:36:57,trenching,soft,medium,36.05,0.178,1.95,0.42,0
CYC_0056,EXC001,OP_EXP_001,2026-08-10T07:37:39,trenching,soft,medium,36.12,0.18,1.94,0.76,0
CYC_0057,EXC002,OP_EXP_001,2026-08-10T07:38:21,trenching,soft,medium,36.67,0.194,1.95,0.56,0
CYC_0058,EXC003,OP_EXP_001,2026-08-10T07:39:03,trenching,soft,medium,36.77,0.178,1.92,0.72,0
CYC_0059,EXC004,OP_EXP_001,2026-08-10T07:39:45,trenching,soft,medium,36.02,0.183,1.93,0.88,0
CYC_0060,EXC005,OP_EXP_001,2026-08-10T07:40:27,trenching,soft,medium,35.39,0.175,1.96,0.34,0
CYC_0061,EXC001,OP_EXP_001,2026-08-10T07:41:08,trenching,soft,medium,34.97,0.175,1.94,0.7,0
CYC_0062,EXC002,OP_EXP_001,2026-08-10T07:41:48,trenching,soft,medium,36.3,0.192,1.94,0.87,0
CYC_0063,EXC003,OP_EXP_001,2026-08-10T07:42:30,trenching,soft,medium,34.37,0.166,1.95,1.01,0
CYC_0064,EXC004,OP_EXP_001,2026-08-10T07:43:10,trenching,soft,medium,35.51,0.181,1.98,0.71,0
CYC_0065,EXC005,OP_EXP_001,2026-08-10T07:43:51,trenching,soft,medium,35.54,0.176,1.96,0.8,0
CYC_0066,EXC001,OP_EXP_001,2026-08-10T07:44:32,trenching,soft,medium,35.54,0.177,1.94,0.65,0
CYC_0067,EXC002,OP_EXP_001,2026-08-10T07:45:13,trenching,soft,medium,35.38,0.187,1.93,0.53,0
CYC_0068,EXC003,OP_EXP_001,2026-08-10T07:45:54,trenching,soft,medium,33.69,0.163,1.96,0.87,0
CYC_0069,EXC004,OP_EXP_001,2026-08-10T07:46:33,trenching,soft,medium,33.49,0.171,1.95,0.6,0
CYC_0070,EXC005,OP_EXP_001,2026-08-10T07:47:12,trenching,soft,medium,34.28,0.169,1.95,0.53,0
CYC_0071,EXC001,OP_EXP_001,2026-08-10T07:47:52,trenching,soft,medium,36.05,0.18,1.94,1.11,0
CYC_0072,EXC002,OP_EXP_001,2026-08-10T07:48:34,trenching,soft,medium,35.6,0.188,1.96,0.7,0
CYC_0073,EXC003,OP_EXP_001,2026-08-10T07:49:15,trenching,soft,medium,35.71,0.173,1.93,1.02,0
CYC_0074,EXC004,OP_EXP_001,2026-08-10T07:49:56,trenching,soft,medium,35.73,0.182,1.96,0.86,0
CYC_0075,EXC005,OP_EXP_001,2026-08-10T07:50:37,trenching,soft,medium,35.1,0.173,1.96,0.78,0
CYC_0076,EXC001,OP_EXP_001,2026-08-10T07:51:18,trenching,soft,medium,36.13,0.18,1.95,0.44,0
CYC_0077,EXC002,OP_EXP_001,2026-08-10T07:52:00,trenching,soft,medium,38.98,0.206,1.94,0.96,0
CYC_0078,EXC003,OP_EXP_001,2026-08-10T07:52:44,trenching,soft,medium,35.7,0.173,1.93,0.92,0
CYC_0079,EXC004,OP_EXP_001,2026-08-10T07:53:25,trenching,soft,medium,34.28,0.175,1.98,0.6,0
CYC_0080,EXC005,OP_EXP_001,2026-08-10T07:54:05,trenching,soft,medium,35.29,0.174,1.98,0.92,0
CYC_0081,EXC001,OP_EXP_001,2026-08-10T07:54:46,trenching,soft,medium,36.58,0.183,1.97,1.1,0
CYC_0082,EXC002,OP_EXP_001,2026-08-10T07:55:28,trenching,soft,medium,37.06,0.196,1.94,0.6,0
CYC_0083,EXC003,OP_EXP_001,2026-08-10T07:56:11,trenching,soft,medium,35.86,0.174,1.93,0.75,0
CYC_0084,EXC004,OP_EXP_001,2026-08-10T07:56:52,trenching,soft,medium,35.52,0.181,1.97,0.8,0
CYC_0085,EXC005,OP_EXP_001,2026-08-10T07:57:33,trenching,soft,medium,35.45,0.175,1.95,0.55,0
CYC_0086,EXC001,OP_EXP_001,2026-08-10T07:58:14,trenching,soft,medium,35.83,0.179,1.96,0.76,0
CYC_0087,EXC002,OP_EXP_001,2026-08-10T07:58:55,trenching,soft,medium,37.21,0.197,1.95,0.93,0
CYC_0088,EXC003,OP_EXP_001,2026-08-10T07:59:38,trenching,soft,medium,35.24,0.171,1.96,0.89,0
CYC_0089,EXC004,OP_EXP_001,2026-08-10T08:00:19,trenching,soft,medium,35.17,0.179,1.96,0.86,0
CYC_0090,EXC005,OP_EXP_001,2026-08-10T08:01:00,trenching,soft,medium,35.68,0.176,1.95,1.02,0
CYC_0091,EXC001,OP_EXP_001,2026-08-10T08:01:41,trenching,soft,medium,36.08,0.18,1.95,1.03,0
CYC_0092,EXC002,OP_EXP_001,2026-08-10T08:02:23,trenching,soft,medium,37.07,0.196,1.96,0.23,0
CYC_0093,EXC003,OP_EXP_001,2026-08-10T08:03:06,trenching,soft,medium,36.64,0.177,1.96,0.55,0
CYC_0094,EXC004,OP_EXP_001,2026-08-10T08:03:48,trenching,soft,medium,34.7,0.177,1.94,0.92,0
CYC_0095,EXC005,OP_NOV_001,2026-08-10T08:04:28,trenching,soft,medium,41.29,0.21,1.98,0.79,0
CYC_0096,EXC001,OP_NOV_001,2026-08-10T08:05:15,trenching,soft,medium,41.09,0.212,2.0,0.53,0
CYC_0097,EXC002,OP_NOV_001,2026-08-10T08:06:02,trenching,soft,medium,45.38,0.248,1.96,0.98,0
CYC_0098,EXC003,OP_NOV_001,2026-08-10T08:06:53,trenching,soft,medium,41.89,0.209,1.96,1.36,0
CYC_0099,EXC004,OP_NOV_001,2026-08-10T08:07:40,trenching,soft,medium,39.07,0.205,1.95,0.69,0
CYC_0100,EXC005,OP_NOV_001,2026-08-10T08:08:25,trenching,soft,medium,37.43,0.191,1.93,0.69,0
CYC_0101,EXC001,OP_NOV_001,2026-08-10T08:09:08,trenching,soft,medium,38.09,0.196,1.97,0.54,0
CYC_0102,EXC002,OP_NOV_001,2026-08-10T08:09:52,trenching,soft,medium,45.78,0.25,1.99,0.77,0
CYC_0103,EXC003,OP_NOV_001,2026-08-10T08:10:43,trenching,soft,medium,41.67,0.208,2.01,0.92,0
CYC_0104,EXC004,OP_NOV_001,2026-08-10T08:11:30,trenching,soft,medium,40.27,0.211,1.93,0.45,0
CYC_0105,EXC005,OP_NOV_001,2026-08-10T08:12:16,trenching,soft,medium,38.88,0.198,1.97,0.8,1
CYC_0106,EXC001,OP_NOV_001,2026-08-10T08:13:00,trenching,soft,medium,36.39,0.187,1.97,0.81,1
CYC_0107,EXC002,OP_NOV_001,2026-08-10T08:13:42,trenching,soft,medium,34.96,0.191,1.98,0.22,1
CYC_0108,EXC003,OP_NOV_001,2026-08-10T08:14:22,trenching,soft,medium,35.21,0.176,1.98,0.94,1
CYC_0109,EXC004,OP_NOV_001,2026-08-10T08:15:03,trenching,soft,medium,36.51,0.192,1.92,0.95,1
CYC_0110,EXC005,OP_NOV_001,2026-08-10T08:15:45,trenching,soft,medium,36.74,0.187,1.92,1.12,1
CYC_0111,EXC001,OP_NOV_001,2026-08-10T08:16:27,trenching,soft,medium,37.96,0.195,1.91,1.05,1
CYC_0112,EXC002,OP_NOV_001,2026-08-10T08:17:10,trenching,soft,medium,35.6,0.194,1.9,0.84,1
CYC_0113,EXC003,OP_NOV_001,2026-08-10T08:17:51,trenching,soft,medium,33.98,0.17,1.95,0.72,1
CYC_0114,EXC004,OP_NOV_001,2026-08-10T08:18:30,trenching,soft,medium,38.55,0.202,1.92,0.75,1
CYC_0115,EXC005,OP_EXP_003,2026-08-10T08:19:14,trenching,soft,medium,37.08,0.185,1.93,1.2,0
CYC_0116,EXC001,OP_NOV_002,2026-08-10T08:19:57,trenching,soft,medium,40.46,0.212,1.99,1.04,0
CYC_0117,EXC002,OP_NOV_003,2026-08-10T08:20:43,trenching,soft,medium,35.84,0.198,1.96,0.95,0
CYC_0118,EXC003,OP_NOV_005,2026-08-10T08:21:24,trenching,soft,medium,40.18,0.201,1.96,1.0,0
CYC_0119,EXC004,OP_EXP_003,2026-08-10T08:22:10,trenching,soft,medium,35.08,0.18,1.94,1.1,0
CYC_0120,EXC005,OP_NOV_002,2026-08-10T08:22:51,trenching,soft,medium,35.59,0.185,2.01,0.91,0
CYC_0121,EXC001,OP_NOV_003,2026-08-10T08:23:32,trenching,soft,medium,34.59,0.18,1.93,1.12,0
CYC_0122,EXC002,OP_NOV_005,2026-08-10T08:24:12,trenching,soft,medium,39.47,0.216,1.92,0.55,0
CYC_0123,EXC003,OP_EXP_003,2026-08-10T08:24:57,trenching,soft,medium,35.92,0.175,1.95,1.09,0
CYC_0124,EXC004,OP_NOV_002,2026-08-10T08:25:38,trenching,soft,medium,39.92,0.213,2.03,0.64,0
CYC_0125,EXC005,OP_NOV_003,2026-08-10T08:26:23,trenching,soft,medium,39.13,0.201,1.97,0.46,0
CYC_0126,EXC001,OP_NOV_005,2026-08-10T08:27:08,trenching,soft,medium,35.97,0.186,1.92,0.77,0
CYC_0127,EXC002,OP_EXP_001,2026-08-10T08:27:49,trenching,soft,light,34.48,0.182,1.45,0.77,0
CYC_0128,EXC003,OP_EXP_001,2026-08-10T08:28:29,trenching,soft,light,34.53,0.167,1.45,0.53,0
CYC_0129,EXC004,OP_NOV_001,2026-08-10T08:29:09,trenching,soft,light,41.77,0.219,1.41,0.9,0
CYC_0130,EXC005,OP_EXP_003,2026-08-10T08:29:56,trenching,soft,light,32.82,0.163,1.44,0.27,0
CYC_0131,EXC001,OP_EXP_003,2026-08-10T08:30:34,trenching,soft,light,33.32,0.168,1.44,0.21,0
CYC_0132,EXC002,OP_EXP_003,2026-08-10T08:31:13,trenching,soft,light,35.07,0.187,1.45,1.41,0
CYC_0133,EXC003,OP_EXP_001,2026-08-10T08:31:54,trenching,soft,light,32.48,0.157,1.44,0.45,0
CYC_0134,EXC004,OP_EXP_001,2026-08-10T08:32:32,trenching,soft,light,35.12,0.179,1.45,0.89,0
CYC_0135,EXC005,OP_NOV_003,2026-08-10T08:33:13,trenching,soft,light,40.55,0.209,1.45,0.78,0
CYC_0136,EXC001,OP_EXP_001,2026-08-10T08:33:59,trenching,soft,light,37.06,0.185,1.45,1.07,0
CYC_0137,EXC002,OP_EXP_002,2026-08-10T08:34:42,excavation,soft,medium,36.19,0.192,1.95,0.91,0
CYC_0138,EXC003,OP_EXP_002,2026-08-10T08:35:24,excavation,soft,medium,37.35,0.181,1.94,0.98,0
CYC_0139,EXC004,OP_EXP_002,2026-08-10T08:36:07,excavation,soft,medium,37.27,0.19,1.94,0.71,0
CYC_0140,EXC005,OP_EXP_002,2026-08-10T08:36:50,excavation,soft,medium,36.99,0.183,1.94,0.73,0
CYC_0141,EXC001,OP_NOV_004,2026-08-10T08:37:32,excavation,soft,medium,40.23,0.21,1.96,0.65,0
CYC_0142,EXC002,OP_NOV_004,2026-08-10T08:38:18,excavation,soft,medium,38.11,0.211,1.95,0.76,0
CYC_0143,EXC003,OP_EXP_001,2026-08-10T08:39:02,trenching,medium,medium,36.21,0.175,1.96,0.2,0
CYC_0144,EXC004,OP_NOV_005,2026-08-10T08:39:44,trenching,medium,medium,40.57,0.214,1.98,0.36,0
CYC_0145,EXC005,OP_EXP_003,2026-08-10T08:40:30,trenching,medium,medium,35.57,0.177,1.94,0.2,0
CYC_0146,EXC001,OP_NOV_005,2026-08-10T08:41:11,trenching,medium,medium,44.5,0.23,1.96,0.98,0
CYC_0147,EXC002,OP_NOV_003,2026-08-10T08:42:01,trenching,medium,medium,39.52,0.218,1.95,0.36,0
CYC_0148,EXC003,OP_EXP_003,2026-08-10T08:42:46,trenching,medium,medium,36.54,0.178,1.96,1.25,0
CYC_0149,EXC004,OP_NOV_003,2026-08-10T08:43:28,trenching,medium,medium,40.12,0.213,1.92,0.31,0
CYC_0150,EXC005,OP_NOV_005,2026-08-10T08:44:14,trenching,medium,medium,39.48,0.202,1.96,0.59,0
CYC_0151,EXC001,OP_NOV_001,2026-08-10T08:44:59,trenching,medium,medium,38.46,0.198,1.94,0.81,0
CYC_0152,EXC002,OP_EXP_001,2026-08-10T08:45:43,trenching,medium,medium,35.61,0.188,1.94,0.4,0
CYC_0153,EXC003,OP_EXP_003,2026-08-10T08:46:24,trenching,medium,medium,34.79,0.17,1.95,0.52,0
CYC_0154,EXC004,OP_NOV_003,2026-08-10T08:47:04,trenching,medium,medium,39.62,0.21,1.95,0.62,0
CYC_0155,EXC005,OP_NOV_001,2026-08-10T08:47:49,trenching,medium,medium,38.73,0.197,1.95,0.86,0
CYC_0156,EXC001,OP_NOV_001,2026-08-10T08:48:33,trenching,medium,medium,39.56,0.204,1.94,0.89,0
CYC_0157,EXC002,OP_EXP_003,2026-08-10T08:49:18,trenching,medium,medium,36.19,0.193,1.95,0.53,0
CYC_0158,EXC003,OP_EXP_003,2026-08-10T08:50:00,trenching,medium,medium,37.0,0.181,1.96,1.13,0
CYC_0159,EXC004,OP_NOV_001,2026-08-10T08:50:42,trenching,medium,medium,41.1,0.216,1.94,0.8,0
CYC_0160,EXC005,OP_EXP_001,2026-08-10T08:51:29,trenching,medium,medium,35.24,0.174,1.95,1.07,0
CYC_0161,EXC001,OP_EXP_001,2026-08-10T08:52:10,trenching,medium,medium,36.31,0.181,1.95,0.23,0
CYC_0162,EXC002,OP_NOV_003,2026-08-10T08:52:52,trenching,medium,medium,41.97,0.231,1.91,1.0,0
CYC_0163,EXC003,OP_EXP_001,2026-08-10T08:53:39,trenching,medium,medium,34.57,0.167,1.97,0.91,0
CYC_0164,EXC004,OP_NOV_001,2026-08-10T08:54:19,trenching,medium,medium,39.78,0.209,1.99,0.99,0
CYC_0165,EXC005,OP_NOV_001,2026-08-10T08:55:04,trenching,medium,medium,45.35,0.231,1.92,0.7,0
CYC_0166,EXC001,OP_NOV_005,2026-08-10T08:55:55,trenching,medium,medium,39.13,0.202,2.01,0.92,0
CYC_0167,EXC002,OP_NOV_001,2026-08-10T08:56:40,trenching,medium,medium,40.94,0.223,1.89,0.76,0
CYC_0168,EXC003,OP_EXP_001,2026-08-10T08:57:26,trenching,medium,medium,37.02,0.179,1.96,1.12,0
CYC_0169,EXC004,OP_NOV_003,2026-08-10T08:58:09,trenching,medium,medium,42.96,0.228,1.97,0.85,0
CYC_0170,EXC005,OP_NOV_005,2026-08-10T08:58:57,trenching,medium,medium,42.67,0.218,1.93,0.87,0
CYC_0171,EXC001,OP_EXP_001,2026-08-10T08:59:45,trenching,medium,medium,35.81,0.179,1.96,0.34,0
CYC_0172,EXC002,OP_NOV_003,2026-08-10T09:00:26,trenching,medium,medium,38.01,0.21,1.96,0.7,0
CYC_0173,EXC003,OP_EXP_001,2026-08-10T09:01:10,trenching,medium,medium,36.67,0.178,1.97,0.78,0
CYC_0174,EXC004,OP_NOV_005,2026-08-10T09:01:52,trenching,medium,medium,40.7,0.214,1.94,0.88,0
CYC_0175,EXC005,OP_NOV_001,2026-08-10T09:02:38,trenching,medium,medium,40.23,0.205,1.94,0.69,0
CYC_0176,EXC001,OP_NOV_005,2026-08-10T09:03:24,trenching,medium,medium,41.44,0.214,1.94,0.78,0
CYC_0177,EXC002,OP_NOV_001,2026-08-10T09:04:11,trenching,medium,medium,40.75,0.222,2.04,0.67,0
CYC_0178,EXC003,OP_NOV_005,2026-08-10T09:04:57,trenching,medium,medium,38.73,0.194,1.97,0.89,0
CYC_0179,EXC004,OP_EXP_003,2026-08-10T09:05:41,trenching,medium,medium,36.36,0.187,1.97,0.7,0
CYC_0180,EXC005,OP_EXP_001,2026-08-10T09:06:23,trenching,medium,medium,35.57,0.176,1.93,0.74,0
CYC_0181,EXC001,OP_EXP_001,2026-08-10T09:07:04,trenching,medium,medium,36.43,0.182,1.91,0.62,0
CYC_0182,EXC002,OP_EXP_003,2026-08-10T09:07:46,trenching,medium,medium,35.36,0.189,1.94,1.15,0
CYC_0183,EXC003,OP_NOV_001,2026-08-10T09:08:27,trenching,medium,medium,44.79,0.224,1.95,0.76,0
CYC_0184,EXC004,OP_EXP_001,2026-08-10T09:09:17,trenching,medium,medium,36.05,0.184,1.94,0.82,0
CYC_0185,EXC005,OP_EXP_003,2026-08-10T09:09:59,trenching,medium,medium,35.3,0.176,1.94,0.83,0
CYC_0186,EXC001,OP_EXP_001,2026-08-10T09:10:40,trenching,medium,medium,35.94,0.179,1.93,0.69,0
CYC_0187,EXC002,OP_NOV_003,2026-08-10T09:11:21,trenching,medium,medium,41.05,0.226,2.02,1.33,0
CYC_0188,EXC003,OP_NOV_001,2026-08-10T09:12:08,trenching,medium,medium,44.03,0.22,1.95,1.4,0
CYC_0189,EXC004,OP_NOV_003,2026-08-10T09:12:58,trenching,medium,medium,41.1,0.218,1.93,0.89,0
CYC_0190,EXC005,OP_NOV_001,2026-08-10T09:13:45,trenching,medium,medium,40.87,0.208,1.99,0.79,0
CYC_0191,EXC001,OP_EXP_003,2026-08-10T09:14:31,trenching,medium,medium,35.92,0.181,1.95,0.88,0
CYC_0192,EXC002,OP_NOV_001,2026-08-10T09:15:12,trenching,medium,medium,38.36,0.209,1.95,0.97,0
CYC_0193,EXC003,OP_NOV_001,2026-08-10T09:15:56,trenching,medium,medium,43.69,0.218,1.96,0.86,0
CYC_0194,EXC004,OP_EXP_003,2026-08-10T09:16:45,trenching,medium,medium,35.2,0.181,1.95,0.98,0
CYC_0195,EXC005,OP_NOV_001,2026-08-10T09:17:26,trenching,medium,medium,38.07,0.194,1.97,1.14,0
CYC_0196,EXC001,OP_EXP_001,2026-08-10T09:18:10,trenching,medium,medium,36.24,0.181,1.94,0.52,0
CYC_0197,EXC002,OP_NOV_005,2026-08-10T09:18:52,trenching,medium,medium,41.44,0.227,1.88,0.56,0
CYC_0198,EXC003,OP_EXP_003,2026-08-10T09:19:39,trenching,medium,medium,35.78,0.175,1.96,1.13,0
CYC_0199,EXC004,OP_NOV_005,2026-08-10T09:20:20,trenching,medium,medium,41.35,0.218,1.97,1.11,0
CYC_0200,EXC005,OP_EXP_003,2026-08-10T09:21:07,trenching,medium,medium,35.88,0.179,1.96,0.32,0
CYC_0201,EXC001,OP_EXP_003,2026-08-10T09:21:48,trenching,medium,medium,35.5,0.179,1.95,0.66,0
CYC_0202,EXC002,OP_NOV_003,2026-08-10T09:22:29,trenching,medium,medium,40.15,0.221,1.94,0.88,0
CYC_0203,EXC003,OP_NOV_003,2026-08-10T09:23:15,trenching,medium,medium,38.95,0.196,1.95,0.73,0
CYC_0204,EXC004,OP_NOV_001,2026-08-10T09:23:59,trenching,medium,medium,38.46,0.202,1.96,0.86,0
CYC_0205,EXC005,OP_NOV_005,2026-08-10T09:24:43,trenching,medium,medium,38.43,0.196,1.96,1.1,0
CYC_0206,EXC001,OP_EXP_003,2026-08-10T09:25:27,trenching,medium,medium,36.35,0.183,1.95,0.99,0
CYC_0207,EXC002,OP_NOV_001,2026-08-10T09:26:09,trenching,medium,medium,38.25,0.209,1.98,0.57,0
CYC_0208,EXC003,OP_EXP_001,2026-08-10T09:26:53,trenching,medium,medium,34.34,0.166,1.93,0.28,0
CYC_0209,EXC004,OP_EXP_003,2026-08-10T09:27:33,trenching,medium,medium,36.39,0.187,1.96,0.84,0
CYC_0210,EXC005,OP_EXP_001,2026-08-10T09:28:15,trenching,medium,medium,36.35,0.18,1.95,1.34,0
CYC_0211,EXC001,OP_NOV_001,2026-08-10T09:28:57,trenching,medium,medium,41.06,0.211,1.98,0.78,0
CYC_0212,EXC002,OP_NOV_003,2026-08-10T09:29:44,trenching,medium,medium,35.66,0.197,1.95,1.01,0
CYC_0213,EXC003,OP_NOV_001,2026-08-10T09:30:25,trenching,medium,medium,37.29,0.186,1.96,0.54,0
CYC_0214,EXC004,OP_EXP_001,2026-08-10T09:31:08,trenching,medium,medium,37.13,0.189,1.96,0.85,0
CYC_0215,EXC005,OP_EXP_003,2026-08-10T09:31:51,trenching,medium,medium,36.39,0.181,1.97,1.11,0
CYC_0216,EXC001,OP_NOV_005,2026-08-10T09:32:33,trenching,medium,medium,40.5,0.209,1.96,0.68,0
CYC_0217,EXC002,OP_NOV_001,2026-08-10T09:33:19,trenching,medium,medium,40.84,0.223,1.97,0.55,0
CYC_0218,EXC003,OP_EXP_003,2026-08-10T09:34:05,trenching,medium,light,33.6,0.164,1.45,0.79,0
CYC_0219,EXC004,OP_NOV_004,2026-08-10T09:34:44,trenching,medium,light,37.93,0.202,1.48,0.81,0
CYC_0220,EXC005,OP_NOV_004,2026-08-10T09:35:27,trenching,medium,light,39.68,0.205,1.44,0.88,0
CYC_0221,EXC001,OP_NOV_004,2026-08-10T09:36:12,trenching,medium,light,40.99,0.214,1.45,0.9,0
CYC_0222,EXC002,OP_EXP_003,2026-08-10T09:36:58,trenching,medium,light,34.48,0.184,1.45,0.76,0
CYC_0223,EXC003,OP_NOV_002,2026-08-10T09:37:38,trenching,medium,light,37.04,0.188,1.49,1.32,0
CYC_0224,EXC004,OP_EXP_003,2026-08-10T09:38:21,trenching,medium,light,33.83,0.174,1.44,0.72,0
CYC_0225,EXC005,OP_EXP_003,2026-08-10T09:39:00,trenching,medium,light,32.87,0.164,1.46,0.84,0
CYC_0226,EXC001,OP_NOV_002,2026-08-10T09:39:38,trenching,medium,light,40.51,0.212,1.43,0.53,0
CYC_0227,EXC002,OP_NOV_004,2026-08-10T09:40:24,trenching,medium,light,36.59,0.203,1.46,0.88,0
CYC_0228,EXC003,OP_NOV_004,2026-08-10T09:41:06,trenching,medium,light,37.48,0.19,1.46,0.73,0
CYC_0229,EXC004,OP_NOV_002,2026-08-10T09:41:49,trenching,medium,light,37.99,0.203,1.47,0.89,0
CYC_0230,EXC005,OP_EXP_003,2026-08-10T09:42:32,trenching,medium,light,33.62,0.167,1.46,0.74,0
CYC_0231,EXC001,OP_EXP_003,2026-08-10T09:43:11,trenching,medium,light,34.24,0.172,1.45,0.45,0
CYC_0232,EXC002,OP_NOV_004,2026-08-10T09:43:51,trenching,medium,light,38.44,0.213,1.42,0.55,0
CYC_0233,EXC003,OP_EXP_001,2026-08-10T09:44:35,trenching,medium,light,35.22,0.171,1.45,0.75,0
CYC_0234,EXC004,OP_EXP_001,2026-08-10T09:45:16,trenching,medium,light,34.73,0.177,1.45,1.08,0
CYC_0235,EXC005,OP_EXP_001,2026-08-10T09:45:56,trenching,medium,light,32.49,0.161,1.45,0.57,0
CYC_0236,EXC001,OP_EXP_003,2026-08-10T09:46:34,trenching,medium,light,35.11,0.177,1.45,0.96,0
CYC_0237,EXC002,OP_EXP_003,2026-08-10T09:47:15,trenching,medium,light,34.85,0.186,1.46,1.01,0
CYC_0238,EXC003,OP_NOV_004,2026-08-10T09:47:55,trenching,medium,light,41.87,0.212,1.41,0.76,0
CYC_0239,EXC004,OP_EXP_001,2026-08-10T09:48:42,trenching,medium,light,32.43,0.165,1.45,0.8,0
CYC_0240,EXC005,OP_NOV_004,2026-08-10T09:49:20,trenching,medium,light,36.88,0.191,1.49,1.01,0
CYC_0241,EXC001,OP_NOV_004,2026-08-10T09:50:02,trenching,medium,light,40.0,0.209,1.43,0.46,0
CYC_0242,EXC002,OP_NOV_004,2026-08-10T09:50:47,trenching,medium,light,39.55,0.219,1.46,0.72,0
CYC_0243,EXC003,OP_NOV_002,2026-08-10T09:51:32,trenching,medium,light,40.15,0.204,1.44,0.91,0
CYC_0244,EXC004,OP_EXP_001,2026-08-10T09:52:18,trenching,medium,light,32.69,0.166,1.46,0.34,0
CYC_0245,EXC005,OP_EXP_001,2026-08-10T09:52:56,trenching,medium,light,35.43,0.175,1.47,0.76,0
CYC_0246,EXC001,OP_NOV_002,2026-08-10T09:53:37,trenching,medium,light,37.94,0.199,1.45,1.02,0
CYC_0247,EXC002,OP_NOV_002,2026-08-10T09:54:20,trenching,medium,light,36.72,0.204,1.44,1.05,0
CYC_0248,EXC003,OP_EXP_001,2026-08-10T09:55:02,trenching,medium,heavy,39.65,0.192,2.4,1.1,0
CYC_0249,EXC004,OP_EXP_003,2026-08-10T09:55:47,trenching,medium,heavy,38.08,0.195,2.4,0.79,0
CYC_0250,EXC005,OP_NOV_005,2026-08-10T09:56:31,trenching,medium,heavy,41.55,0.212,2.34,1.0,0
CYC_0251,EXC001,OP_EXP_002,2026-08-10T09:57:18,trenching,medium,heavy,38.88,0.194,2.36,0.94,0
CYC_0252,EXC002,OP_NOV_005,2026-08-10T09:58:02,trenching,medium,heavy,44.22,0.242,2.49,1.02,0
CYC_0253,EXC003,OP_EXP_001,2026-08-10T09:58:52,trenching,medium,heavy,37.91,0.184,2.42,0.44,0
CYC_0254,EXC004,OP_EXP_003,2026-08-10T09:59:35,trenching,medium,heavy,37.57,0.193,2.41,1.05,0
CYC_0255,EXC005,OP_EXP_002,2026-08-10T10:00:18,trenching,medium,heavy,39.41,0.195,2.4,0.89,0
CYC_0256,EXC001,OP_EXP_001,2026-08-10T10:01:03,trenching,medium,heavy,38.59,0.193,2.4,1.02,0
CYC_0257,EXC002,OP_EXP_003,2026-08-10T10:01:47,trenching,medium,heavy,38.39,0.205,2.39,1.1,0
CYC_0258,EXC003,OP_NOV_002,2026-08-10T10:02:31,excavation,medium,medium,43.28,0.22,1.94,1.05,0
CYC_0259,EXC004,OP_NOV_002,2026-08-10T10:03:20,excavation,medium,medium,44.03,0.235,1.94,0.84,0
CYC_0260,EXC005,OP_NOV_004,2026-08-10T10:04:10,excavation,medium,medium,38.24,0.198,2.03,0.95,0
CYC_0261,EXC001,OP_NOV_002,2026-08-10T10:04:54,excavation,medium,medium,42.2,0.221,2.01,0.46,0
CYC_0262,EXC002,OP_EXP_002,2026-08-10T10:05:42,excavation,medium,medium,37.99,0.201,1.95,1.04,0
CYC_0263,EXC003,OP_NOV_004,2026-08-10T10:06:25,excavation,medium,medium,34.26,0.174,1.99,0.81,0
CYC_0264,EXC004,OP_EXP_003,2026-08-10T10:07:05,excavation,medium,medium,35.85,0.184,1.94,0.64,0
CYC_0265,EXC005,OP_EXP_002,2026-08-10T10:07:46,excavation,medium,medium,36.79,0.182,1.93,0.98,0
CYC_0266,EXC001,OP_EXP_002,2026-08-10T10:08:28,excavation,medium,medium,37.58,0.188,1.96,1.45,0
CYC_0267,EXC002,OP_NOV_004,2026-08-10T10:09:11,excavation,medium,medium,39.07,0.216,1.97,0.95,0
CYC_0268,EXC003,OP_NOV_004,2026-08-10T10:09:56,excavation,medium,medium,38.95,0.197,1.94,0.2,0
CYC_0269,EXC004,OP_NOV_002,2026-08-10T10:10:40,excavation,medium,medium,39.31,0.21,1.95,0.73,0
CYC_0270,EXC005,OP_EXP_002,2026-08-10T10:11:25,excavation,medium,medium,36.44,0.18,1.93,0.9,0
CYC_0271,EXC001,OP_NOV_002,2026-08-10T10:12:07,excavation,medium,medium,42.05,0.22,1.95,0.87,0
CYC_0272,EXC002,OP_EXP_002,2026-08-10T10:12:55,excavation,medium,medium,36.97,0.196,1.95,0.73,0
CYC_0273,EXC003,OP_EXP_002,2026-08-10T10:13:37,excavation,medium,medium,36.09,0.175,1.97,0.73,0
CYC_0274,EXC004,OP_EXP_003,2026-08-10T10:14:19,excavation,medium,medium,36.7,0.188,1.95,1.16,0
CYC_0275,EXC005,OP_EXP_002,2026-08-10T10:15:01,excavation,medium,medium,36.52,0.18,1.96,0.52,0
CYC_0276,EXC001,OP_NOV_002,2026-08-10T10:15:43,excavation,medium,medium,42.47,0.223,1.97,0.72,0
CYC_0277,EXC002,OP_NOV_002,2026-08-10T10:16:31,excavation,medium,medium,41.74,0.232,1.99,0.89,0
CYC_0278,EXC003,OP_EXP_003,2026-08-10T10:17:18,excavation,medium,medium,36.39,0.178,1.95,1.01,0
CYC_0279,EXC004,OP_NOV_002,2026-08-10T10:18:00,excavation,medium,medium,37.45,0.2,1.93,0.68,0
CYC_0280,EXC005,OP_NOV_004,2026-08-10T10:18:43,excavation,medium,medium,42.14,0.218,1.91,0.8,0
CYC_0281,EXC001,OP_EXP_003,2026-08-10T10:19:31,excavation,medium,medium,35.84,0.18,1.94,1.09,0
CYC_0282,EXC002,OP_NOV_002,2026-08-10T10:20:12,excavation,medium,medium,39.28,0.218,1.93,1.0,0
CYC_0283,EXC003,OP_NOV_002,2026-08-10T10:20:57,excavation,medium,medium,40.22,0.204,1.98,0.71,0
CYC_0284,EXC004,OP_NOV_004,2026-08-10T10:21:43,excavation,medium,heavy,46.24,0.246,2.37,0.93,0
CYC_0285,EXC005,OP_NOV_002,2026-08-10T10:22:35,excavation,medium,heavy,40.19,0.208,2.39,0.55,0
CYC_0286,EXC001,OP_NOV_002,2026-08-10T10:23:21,excavation,medium,heavy,44.63,0.234,2.4,0.74,0
CYC_0287,EXC002,OP_NOV_004,2026-08-10T10:24:11,excavation,medium,heavy,44.47,0.246,2.45,0.62,0
CYC_0288,EXC003,OP_NOV_004,2026-08-10T10:25:01,excavation,medium,heavy,41.95,0.213,2.35,0.77,0
CYC_0289,EXC004,OP_NOV_002,2026-08-10T10:25:48,excavation,medium,heavy,39.91,0.213,2.4,0.86,0
CYC_0290,EXC005,OP_NOV_002,2026-08-10T10:26:33,excavation,medium,heavy,40.39,0.209,2.4,0.62,0
CYC_0291,EXC001,OP_NOV_004,2026-08-10T10:27:19,excavation,medium,heavy,43.76,0.229,2.32,0.73,0
CYC_0292,EXC002,OP_NOV_002,2026-08-10T10:28:08,excavation,medium,heavy,44.44,0.247,2.31,1.2,0
CYC_0293,EXC003,OP_EXP_002,2026-08-10T10:28:58,excavation,medium,heavy,38.57,0.187,2.39,0.64,0
CYC_0294,EXC004,OP_EXP_002,2026-08-10T10:29:42,excavation,medium,heavy,37.2,0.189,2.37,0.72,0
CYC_0295,EXC005,OP_EXP_002,2026-08-10T10:30:25,excavation,medium,heavy,37.18,0.184,2.37,0.7,0
CYC_0296,EXC001,OP_EXP_002,2026-08-10T10:31:08,excavation,medium,heavy,37.29,0.186,2.38,0.87,0
CYC_0297,EXC002,OP_NOV_002,2026-08-10T10:31:51,excavation,medium,heavy,44.32,0.246,2.42,0.89,0
CYC_0298,EXC003,OP_EXP_002,2026-08-10T10:32:41,excavation,medium,heavy,37.91,0.184,2.38,0.8,0
CYC_0299,EXC004,OP_NOV_004,2026-08-10T10:33:24,excavation,medium,heavy,43.63,0.233,2.42,0.56,0
CYC_0300,EXC005,OP_NOV_004,2026-08-10T10:34:13,excavation,medium,heavy,40.87,0.211,2.41,0.57,0
CYC_0301,EXC001,OP_EXP_002,2026-08-10T10:34:59,excavation,medium,heavy,38.87,0.194,2.38,0.97,0
CYC_0302,EXC002,OP_NOV_004,2026-08-10T10:35:43,excavation,medium,heavy,47.2,0.261,2.5,0.79,0
CYC_0303,EXC003,OP_EXP_002,2026-08-10T10:36:36,excavation,medium,heavy,38.18,0.185,2.44,1.07,0
CYC_0304,EXC004,OP_EXP_001,2026-08-10T10:37:20,trenching,hard,medium,38.04,0.194,1.96,0.73,0
CYC_0305,EXC005,OP_EXP_001,2026-08-10T10:38:04,trenching,hard,medium,38.21,0.189,1.93,0.65,0
CYC_0306,EXC001,OP_NOV_003,2026-08-10T10:38:48,trenching,hard,medium,40.41,0.21,1.91,0.71,0
CYC_0307,EXC002,OP_NOV_003,2026-08-10T10:39:34,trenching,hard,medium,42.81,0.236,1.98,0.75,0
CYC_0308,EXC003,OP_EXP_001,2026-08-10T10:40:22,trenching,hard,medium,38.3,0.185,1.92,0.84,0
CYC_0309,EXC004,OP_EXP_001,2026-08-10T10:41:06,trenching,hard,medium,38.71,0.197,1.97,0.78,0
CYC_0310,EXC005,OP_EXP_001,2026-08-10T10:41:50,trenching,hard,medium,39.94,0.197,1.96,0.86,0
CYC_0311,EXC001,OP_EXP_001,2026-08-10T10:42:35,trenching,hard,medium,38.76,0.193,1.95,0.59,0
CYC_0312,EXC002,OP_EXP_003,2026-08-10T10:43:19,trenching,hard,medium,37.57,0.2,1.94,1.03,0
CYC_0313,EXC003,OP_EXP_001,2026-08-10T10:44:02,trenching,hard,medium,37.97,0.184,1.96,0.89,0
CYC_0314,EXC004,OP_NOV_001,2026-08-10T10:44:45,trenching,hard,heavy,40.04,0.21,2.37,0.66,0
CYC_0315,EXC005,OP_EXP_001,2026-08-10T10:45:31,trenching,hard,heavy,41.64,0.206,2.4,0.47,0
CYC_0316,EXC001,OP_EXP_003,2026-08-10T10:46:18,trenching,hard,heavy,40.42,0.203,2.41,0.64,0
CYC_0317,EXC002,OP_NOV_001,2026-08-10T10:47:04,trenching,hard,heavy,44.21,0.241,2.41,0.49,0
CYC_0318,EXC003,OP_EXP_003,2026-08-10T10:47:54,trenching,hard,heavy,39.84,0.194,2.42,0.57,0
CYC_0319,EXC004,OP_EXP_001,2026-08-10T10:48:39,trenching,hard,heavy,41.73,0.212,2.42,0.53,0
CYC_0320,EXC005,OP_NOV_001,2026-08-10T10:49:26,trenching,hard,heavy,38.24,0.195,2.42,0.54,0
CYC_0321,EXC001,OP_EXP_001,2026-08-10T10:50:10,trenching,hard,heavy,41.21,0.206,2.39,1.19,0
CYC_0322,EXC002,OP_NOV_001,2026-08-10T10:50:57,trenching,hard,heavy,39.89,0.218,2.43,0.85,0
CYC_0323,EXC003,OP_NOV_001,2026-08-10T10:51:42,trenching,hard,heavy,39.61,0.198,2.38,1.02,0
CYC_0324,EXC004,OP_EXP_002,2026-08-10T10:52:27,excavation,hard,heavy,39.53,0.201,2.43,0.82,0
CYC_0325,EXC005,OP_EXP_002,2026-08-10T10:53:12,excavation,hard,heavy,37.72,0.186,2.44,0.95,0
CYC_0326,EXC001,OP_EXP_002,2026-08-10T10:53:55,excavation,hard,heavy,40.3,0.201,2.39,0.93,0
CYC_0327,EXC002,OP_EXP_002,2026-08-10T10:54:41,excavation,hard,heavy,38.72,0.205,2.4,1.19,0
CYC_0328,EXC003,OP_EXP_002,2026-08-10T10:55:25,excavation,hard,heavy,38.88,0.188,2.44,0.85,0
CYC_0329,EXC004,OP_EXP_002,2026-08-10T10:56:09,excavation,hard,heavy,38.38,0.195,2.43,0.81,0
CYC_0330,EXC005,OP_EXP_002,2026-08-10T10:56:53,excavation,hard,heavy,38.9,0.192,2.4,0.92,0
CYC_0331,EXC001,OP_EXP_002,2026-08-10T10:57:37,excavation,hard,heavy,39.45,0.197,2.44,0.47,0
CYC_0332,EXC002,OP_EXP_002,2026-08-10T10:58:22,excavation,hard,heavy,37.68,0.199,2.41,1.04,0
CYC_0333,EXC003,OP_EXP_002,2026-08-10T10:59:05,excavation,hard,heavy,39.81,0.193,2.38,0.44,0
CYC_0334,EXC004,OP_EXP_002,2026-08-10T10:59:50,excavation,hard,heavy,38.97,0.198,2.43,0.97,0
CYC_0335,EXC005,OP_EXP_002,2026-08-10T11:00:34,excavation,hard,heavy,39.16,0.194,2.43,0.74,0
CYC_0336,EXC001,OP_EXP_002,2026-08-10T11:01:19,excavation,hard,heavy,38.77,0.194,2.37,1.37,0
CYC_0337,EXC002,OP_EXP_002,2026-08-10T11:02:03,excavation,hard,heavy,39.56,0.209,2.44,0.39,0
CYC_0338,EXC003,OP_EXP_002,2026-08-10T11:02:48,excavation,hard,heavy,38.42,0.186,2.41,0.36,0
CYC_0339,EXC004,OP_EXP_002,2026-08-10T11:03:32,excavation,hard,heavy,39.25,0.2,2.42,1.01,0
CYC_0340,EXC005,OP_EXP_002,2026-08-10T11:04:17,excavation,hard,heavy,40.43,0.2,2.41,1.0,0
CYC_0341,EXC001,OP_EXP_002,2026-08-10T11:05:03,excavation,hard,heavy,39.04,0.195,2.39,0.72,0
CYC_0342,EXC002,OP_EXP_002,2026-08-10T11:05:48,excavation,hard,heavy,39.02,0.206,2.38,0.98,0
CYC_0343,EXC003,OP_EXP_002,2026-08-10T11:06:33,excavation,hard,heavy,39.64,0.192,2.42,0.33,0
CYC_0344,EXC004,OP_EXP_002,2026-08-10T11:07:18,excavation,hard,heavy,39.88,0.203,2.4,0.79,0
CYC_0345,EXC005,OP_EXP_002,2026-08-10T11:08:03,excavation,hard,heavy,39.42,0.195,2.41,0.4,0
CYC_0346,EXC001,OP_EXP_003,2026-08-10T11:08:48,excavation,hard,heavy,41.04,0.206,2.38,0.56,0
CYC_0347,EXC002,OP_NOV_004,2026-08-10T11:09:35,excavation,hard,heavy,42.95,0.238,2.42,0.46,0
CYC_0348,EXC003,OP_NOV_002,2026-08-10T11:10:23,excavation,hard,heavy,44.24,0.225,2.4,0.75,0
CYC_0349,EXC004,OP_NOV_004,2026-08-10T11:11:13,excavation,hard,heavy,44.47,0.237,2.42,0.6,0
CYC_0350,EXC005,OP_NOV_004,2026-08-10T11:12:03,excavation,hard,heavy,43.71,0.226,2.43,0.63,0
CYC_0351,EXC001,OP_NOV_002,2026-08-10T11:12:52,excavation,hard,heavy,44.35,0.232,2.42,1.26,0
CYC_0352,EXC002,OP_NOV_002,2026-08-10T11:13:42,excavation,hard,heavy,44.76,0.249,2.34,0.97,0
CYC_0353,EXC003,OP_NOV_002,2026-08-10T11:14:32,excavation,hard,heavy,46.61,0.237,2.38,1.23,0
CYC_0354,EXC004,OP_EXP_003,2026-08-10T11:15:24,excavation,hard,heavy,40.19,0.206,2.39,0.87,0
CYC_0355,EXC005,OP_NOV_004,2026-08-10T11:16:10,excavation,hard,heavy,45.41,0.235,2.36,0.64,0
CYC_0356,EXC001,OP_NOV_004,2026-08-10T11:17:01,excavation,hard,heavy,45.56,0.238,2.38,0.44,0
CYC_0357,EXC002,OP_NOV_004,2026-08-10T11:17:52,excavation,hard,heavy,44.89,0.249,2.4,0.69,0
CYC_0358,EXC003,OP_NOV_004,2026-08-10T11:18:42,excavation,hard,heavy,44.22,0.224,2.43,0.23,0
CYC_0359,EXC004,OP_NOV_004,2026-08-10T11:19:32,excavation,hard,heavy,45.26,0.241,2.4,0.97,0
CYC_0360,EXC005,OP_EXP_003,2026-08-10T11:20:23,excavation,hard,heavy,40.01,0.199,2.39,0.63,0
CYC_0361,EXC001,OP_NOV_002,2026-08-10T11:21:09,excavation,hard,heavy,44.49,0.233,2.39,0.98,0
CYC_0362,EXC002,OP_EXP_003,2026-08-10T11:21:59,excavation,hard,heavy,39.21,0.209,2.38,0.69,0
CYC_0363,EXC003,OP_EXP_003,2026-08-10T11:22:44,excavation,hard,heavy,40.24,0.196,2.4,0.81,0
CYC_0364,EXC004,OP_EXP_003,2026-08-10T11:23:30,excavation,hard,heavy,39.99,0.205,2.4,0.66,0
CYC_0365,EXC005,OP_EXP_002,2026-08-10T11:24:15,excavation,hard,medium,39.53,0.195,1.94,1.57,0
CYC_0366,EXC001,OP_EXP_002,2026-08-10T11:25:00,excavation,hard,medium,39.26,0.196,1.96,0.57,0
CYC_0367,EXC002,OP_NOV_005,2026-08-10T11:25:45,excavation,hard,medium,36.23,0.198,1.96,0.59,0
CYC_0368,EXC003,OP_NOV_004,2026-08-10T11:26:27,excavation,hard,medium,41.74,0.212,1.99,0.46,0
CYC_0369,EXC004,OP_EXP_002,2026-08-10T11:27:14,excavation,hard,medium,36.94,0.188,1.95,0.81,0
CYC_0370,EXC005,OP_NOV_002,2026-08-10T11:27:56,excavation,hard,medium,41.88,0.217,1.94,0.97,0
CYC_0371,EXC001,OP_NOV_002,2026-08-10T11:28:43,excavation,hard,medium,41.93,0.22,1.94,0.92,0
CYC_0372,EXC002,OP_NOV_002,2026-08-10T11:29:30,excavation,hard,medium,38.76,0.215,1.97,0.82,0
CYC_0373,EXC003,OP_NOV_005,2026-08-10T11:30:14,excavation,hard,medium,42.72,0.214,1.93,1.14,0
CYC_0374,EXC004,OP_NOV_002,2026-08-10T11:31:02,excavation,hard,medium,38.0,0.203,1.94,0.88,0
CYC_0375,EXC005,OP_NOV_005,2026-08-10T11:31:45,excavation,hard,medium,42.24,0.216,1.93,0.66,0
CYC_0376,EXC001,OP_NOV_002,2026-08-10T11:32:33,excavation,hard,medium,37.52,0.197,1.95,0.95,0
CYC_0377,EXC002,OP_NOV_004,2026-08-10T11:33:16,excavation,hard,medium,40.85,0.226,1.92,0.92,0
CYC_0378,EXC003,OP_NOV_005,2026-08-10T11:34:02,excavation,hard,medium,40.82,0.204,1.94,0.55,0
CYC_0379,EXC004,OP_NOV_002,2026-08-10T11:34:48,excavation,hard,medium,39.59,0.212,1.94,0.35,0
CYC_0380,EXC005,OP_EXP_002,2026-08-10T11:35:33,excavation,hard,medium,38.5,0.19,1.92,0.83,0
CYC_0381,EXC001,OP_NOV_005,2026-08-10T11:36:17,excavation,hard,medium,42.37,0.219,1.98,0.55,0
CYC_0382,EXC002,OP_EXP_002,2026-08-10T11:37:05,excavation,hard,medium,37.94,0.201,1.92,0.98,0
CYC_0383,EXC003,OP_EXP_002,2026-08-10T11:37:48,excavation,hard,medium,38.17,0.185,1.92,1.12,0
CYC_0384,EXC004,OP_EXP_002,2026-08-10T11:38:32,excavation,hard,medium,38.15,0.194,1.97,0.59,0
