phase_id,cycle_id,phase_name,phase_order,duration_seconds
CYC_0001_P1,CYC_0001,DIG,1,9.11
CYC_0001_P2,CYC_0001,LIFT,2,5.71
CYC_0001_P3,CYC_0001,SWING,3,6.78
CYC_0001_P4,CYC_0001,DUMP,4,5.41
CYC_0001_P5,CYC_0001,REPOSITION,5,7.58
CYC_0002_P1,CYC_0002,DIG,1,8.59
CYC_0002_P2,CYC_0002,LIFT,2,5.42
CYC_0002_P3,CYC_0002,SWING,3,6.93
CYC_0002_P4,CYC_0002,DUMP,4,5.25
CYC_0002_P5,CYC_0002,REPOSITION,5,7.5
CYC_0003_P1,CYC_0003,DIG,1,8.36
CYC_0003_P2,CYC_0003,LIFT,2,5.95
CYC_0003_P3,CYC_0003,SWING,3,6.49
CYC_0003_P4,CYC_0003,DUMP,4,5.17
CYC_0003_P5,CYC_0003,REPOSITION,5,7.53
CYC_0004_P1,CYC_0004,DIG,1,8.3
CYC_0004_P2,CYC_0004,LIFT,2,5.96
CYC_0004_P3,CYC_0004,SWING,3,7.12
CYC_0004_P4,CYC_0004,DUMP,4,5.39
CYC_0004_P5,CYC_0004,REPOSITION,5,9.31
CYC_0005_P1,CYC_0005,DIG,1,8.19
CYC_0005_P2,CYC_0005,LIFT,2,5.89
CYC_0005_P3,CYC_0005,SWING,3,6.82
CYC_0005_P4,CYC_0005,DUMP,4,5.65
CYC_0005_P5,CYC_0005,REPOSITION,5,8.01
CYC_0006_P1,CYC_0006,DIG,1,8.58
CYC_0006_P2,CYC_0006,LIFT,2,5.4
CYC_0006_P3,CYC_0006,SWING,3,6.58
CYC_0006_P4,CYC_0006,DUMP,4,5.68
CYC_0006_P5,CYC_0006,REPOSITION,5,7.06
CYC_0007_P1,CYC_0007,DIG,1,8.47
CYC_0007_P2,CYC_0007,LIFT,2,5.37
CYC_0007_P3,CYC_0007,SWING,3,6.54
CYC_0007_P4,CYC_0007,DUMP,4,5.13
CYC_0007_P5,CYC_0007,REPOSITION,5,9.36
CYC_0008_P1,CYC_0008,DIG,1,8.37
CYC_0008_P2,CYC_0008,LIFT,2,5.58
CYC_0008_P3,CYC_0008,SWING,3,6.85
CYC_0008_P4,CYC_0008,DUMP,4,5.52
CYC_0008_P5,CYC_0008,REPOSITION,5,8.7
CYC_0009_P1,CYC_0009,DIG,1,8.11
CYC_0009_P2,CYC_0009,LIFT,2,5.92
CYC_0009_P3,CYC_0009,SWING,3,6.62
CYC_0009_P4,CYC_0009,DUMP,4,5.64
CYC_0009_P5,CYC_0009,REPOSITION,5,8.36
CYC_0010_P1,CYC_0010,DIG,1,8.39
CYC_0010_P2,CYC_0010,LIFT,2,5.9
CYC_0010_P3,CYC_0010,SWING,3,6.65
CYC_0010_P4,CYC_0010,DUMP,4,5.66
CYC_0010_P5,CYC_0010,REPOSITION,5,7.3
CYC_0011_P1,CYC_0011,DIG,1,8.38
CYC_0011_P2,CYC_0011,LIFT,2,5.67
CYC_0011_P3,CYC_0011,SWING,3,6.9
CYC_0011_P4,CYC_0011,DUMP,4,5.12
CYC_0011_P5,CYC_0011,REPOSITION,5,11.0
CYC_0012_P1,CYC_0012,DIG,1,8.55
CYC_0012_P2,CYC_0012,LIFT,2,5.83
CYC_0012_P3,CYC_0012,SWING,3,6.49
CYC_0012_P4,CYC_0012,DUMP,4,5.68
CYC_0012_P5,CYC_0012,REPOSITION,5,9.0
CYC_0013_P1,CYC_0013,DIG,1,8.29
CYC_0013_P2,CYC_0013,LIFT,2,5.45
CYC_0013_P3,CYC_0013,SWING,3,6.82
CYC_0013_P4,CYC_0013,DUMP,4,5.48
CYC_0013_P5,CYC_0013,REPOSITION,5,8.59
CYC_0014_P1,CYC_0014,DIG,1,8.15
CYC_0014_P2,CYC_0014,LIFT,2,6.05
CYC_0014_P3,CYC_0014,SWING,3,6.64
CYC_0014_P4,CYC_0014,DUMP,4,5.52
CYC_0014_P5,CYC_0014,REPOSITION,5,8.67
CYC_0015_P1,CYC_0015,DIG,1,8.46
CYC_0015_P2,CYC_0015,LIFT,2,6.03
CYC_0015_P3,CYC_0015,SWING,3,6.77
CYC_0015_P4,CYC_0015,DUMP,4,5.54
CYC_0015_P5,CYC_0015,REPOSITION,5,9.81
CYC_0016_P1,CYC_0016,DIG,1,8.52
CYC_0016_P2,CYC_0016,LIFT,2,5.84
CYC_0016_P3,CYC_0016,SWING,3,6.65
CYC_0016_P4,CYC_0016,DUMP,4,5.23
CYC_0016_P5,CYC_0016,REPOSITION,5,9.5
CYC_0017_P1,CYC_0017,DIG,1,7.88
CYC_0017_P2,CYC_0017,LIFT,2,5.79
CYC_0017_P3,CYC_0017,SWING,3,7.27
CYC_0017_P4,CYC_0017,DUMP,4,5.32
CYC_0017_P5,CYC_0017,REPOSITION,5,8.49
CYC_0018_P1,CYC_0018,DIG,1,8.54
CYC_0018_P2,CYC_0018,LIFT,2,5.78
CYC_0018_P3,CYC_0018,SWING,3,6.48
CYC_0018_P4,CYC_0018,DUMP,4,5.4
CYC_0018_P5,CYC_0018,REPOSITION,5,9.34
CYC_0019_P1,CYC_0019,DIG,1,8.57
CYC_0019_P2,CYC_0019,LIFT,2,5.98
CYC_0019_P3,CYC_0019,SWING,3,6.65
CYC_0019_P4,CYC_0019,DUMP,4,5.59
CYC_0019_P5,CYC_0019,REPOSITION,5,7.99
CYC_0020_P1,CYC_0020,DIG,1,8.24
CYC_0020_P2,CYC_0020,LIFT,2,5.72
CYC_0020_P3,CYC_0020,SWING,3,6.85
CYC_0020_P4,CYC_0020,DUMP,4,5.72
CYC_0020_P5,CYC_0020,REPOSITION,5,8.96
CYC_0021_P1,CYC_0021,DIG,1,8.34
CYC_0021_P2,CYC_0021,LIFT,2,5.83
CYC_0021_P3,CYC_0021,SWING,3,6.44
CYC_0021_P4,CYC_0021,DUMP,4,5.83
CYC_0021_P5,CYC_0021,REPOSITION,5,6.94
CYC_0022_P1,CYC_0022,DIG,1,7.91
CYC_0022_P2,CYC_0022,LIFT,2,6.26
CYC_0022_P3,CYC_0022,SWING,3,6.93
CYC_0022_P4,CYC_0022,DUMP,4,5.5
CYC_0022_P5,CYC_0022,REPOSITION,5,7.81
CYC_0023_P1,CYC_0023,DIG,1,8.36
CYC_0023_P2,CYC_0023,LIFT,2,5.56
CYC_0023_P3,CYC_0023,SWING,3,6.27
CYC_0023_P4,CYC_0023,DUMP,4,5.56
CYC_0023_P5,CYC_0023,REPOSITION,5,7.3
CYC_0024_P1,CYC_0024,DIG,1,8.91
CYC_0024_P2,CYC_0024,LIFT,2,5.96
CYC_0024_P3,CYC_0024,SWING,3,6.35
CYC_0024_P4,CYC_0024,DUMP,4,5.56
CYC_0024_P5,CYC_0024,REPOSITION,5,9.08
CYC_0025_P1,CYC_0025,DIG,1,8.57
CYC_0025_P2,CYC_0025,LIFT,2,5.89
CYC_0025_P3,CYC_0025,SWING,3,6.58
CYC_0025_P4,CYC_0025,DUMP,4,5.34
CYC_0025_P5,CYC_0025,REPOSITION,5,7.15
CYC_0026_P1,CYC_0026,DIG,1,7.92
CYC_0026_P2,CYC_0026,LIFT,2,5.97
CYC_0026_P3,CYC_0026,SWING,3,6.1
CYC_0026_P4,CYC_0026,DUMP,4,5.53
CYC_0026_P5,CYC_0026,REPOSITION,5,8.42
CYC_0027_P1,CYC_0027,DIG,1,8.68
CYC_0027_P2,CYC_0027,LIFT,2,5.5
CYC_0027_P3,CYC_0027,SWING,3,6.29
CYC_0027_P4,CYC_0027,DUMP,4,5.92
CYC_0027_P5,CYC_0027,REPOSITION,5,8.88
CYC_0028_P1,CYC_0028,DIG,1,8.25
CYC_0028_P2,CYC_0028,LIFT,2,5.47
CYC_0028_P3,CYC_0028,SWING,3,6.67
CYC_0028_P4,CYC_0028,DUMP,4,5.61
CYC_0028_P5,CYC_0028,REPOSITION,5,8.93
CYC_0029_P1,CYC_0029,DIG,1,8.52
CYC_0029_P2,CYC_0029,LIFT,2,5.56
CYC_0029_P3,CYC_0029,SWING,3,7.02
CYC_0029_P4,CYC_0029,DUMP,4,5.46
CYC_0029_P5,CYC_0029,REPOSITION,5,8.15
CYC_0030_P1,CYC_0030,DIG,1,8.75
CYC_0030_P2,CYC_0030,LIFT,2,5.79
CYC_0030_P3,CYC_0030,SWING,3,6.6
CYC_0030_P4,CYC_0030,DUMP,4,5.36
CYC_0030_P5,CYC_0030,REPOSITION,5,6.5
CYC_0031_P1,CYC_0031,DIG,1,8.63
CYC_0031_P2,CYC_0031,LIFT,2,5.7
CYC_0031_P3,CYC_0031,SWING,3,6.92
CYC_0031_P4,CYC_0031,DUMP,4,5.51
CYC_0031_P5,CYC_0031,REPOSITION,5,9.06
CYC_0032_P1,CYC_0032,DIG,1,8.79
CYC_0032_P2,CYC_0032,LIFT,2,5.7
CYC_0032_P3,CYC_0032,SWING,3,7.0
CYC_0032_P4,CYC_0032,DUMP,4,5.53
CYC_0032_P5,CYC_0032,REPOSITION,5,8.04
CYC_0033_P1,CYC_0033,DIG,1,8.78
CYC_0033_P2,CYC_0033,LIFT,2,5.69
CYC_0033_P3,CYC_0033,SWING,3,6.64
CYC_0033_P4,CYC_0033,DUMP,4,5.31
CYC_0033_P5,CYC_0033,REPOSITION,5,9.54
CYC_0034_P1,CYC_0034,DIG,1,8.59
CYC_0034_P2,CYC_0034,LIFT,2,5.61
CYC_0034_P3,CYC_0034,SWING,3,6.76
CYC_0034_P4,CYC_0034,DUMP,4,5.57
CYC_0034_P5,CYC_0034,REPOSITION,5,9.15
CYC_0035_P1,CYC_0035,DIG,1,8.71
CYC_0035_P2,CYC_0035,LIFT,2,5.78
CYC_0035_P3,CYC_0035,SWING,3,6.79
CYC_0035_P4,CYC_0035,DUMP,4,5.14
CYC_0035_P5,CYC_0035,REPOSITION,5,7.54
CYC_0036_P1,CYC_0036,DIG,1,8.68
CYC_0036_P2,CYC_0036,LIFT,2,5.89
CYC_0036_P3,CYC_0036,SWING,3,6.5
CYC_0036_P4,CYC_0036,DUMP,4,5.52
CYC_0036_P5,CYC_0036,REPOSITION,5,9.57
CYC_0037_P1,CYC_0037,DIG,1,8.94
CYC_0037_P2,CYC_0037,LIFT,2,5.68
CYC_0037_P3,CYC_0037,SWING,3,6.61
CYC_0037_P4,CYC_0037,DUMP,4,5.76
CYC_0037_P5,CYC_0037,REPOSITION,5,7.5
CYC_0038_P1,CYC_0038,DIG,1,8.04
CYC_0038_P2,CYC_0038,LIFT,2,5.62
CYC_0038_P3,CYC_0038,SWING,3,6.52
CYC_0038_P4,CYC_0038,DUMP,4,5.57
CYC_0038_P5,CYC_0038,REPOSITION,5,7.96
CYC_0039_P1,CYC_0039,DIG,1,8.18
CYC_0039_P2,CYC_0039,LIFT,2,6.19
CYC_0039_P3,CYC_0039,SWING,3,6.16
CYC_0039_P4,CYC_0039,DUMP,4,5.58
CYC_0039_P5,CYC_0039,REPOSITION,5,8.41
CYC_0040_P1,CYC_0040,DIG,1,8.61
CYC_0040_P2,CYC_0040,LIFT,2,6.1
CYC_0040_P3,CYC_0040,SWING,3,6.28
CYC_0040_P4,CYC_0040,DUMP,4,5.49
CYC_0040_P5,CYC_0040,REPOSITION,5,8.31
CYC_0041_P1,CYC_0041,DIG,1,8.9
CYC_0041_P2,CYC_0041,LIFT,2,5.98
CYC_0041_P3,CYC_0041,SWING,3,6.72
CYC_0041_P4,CYC_0041,DUMP,4,5.38
CYC_0041_P5,CYC_0041,REPOSITION,5,9.0
CYC_0042_P1,CYC_0042,DIG,1,8.86
CYC_0042_P2,CYC_0042,LIFT,2,5.58
CYC_0042_P3,CYC_0042,SWING,3,6.84
CYC_0042_P4,CYC_0042,DUMP,4,5.82
CYC_0042_P5,CYC_0042,REPOSITION,5,7.45
CYC_0043_P1,CYC_0043,DIG,1,8.84
CYC_0043_P2,CYC_0043,LIFT,2,5.94
CYC_0043_P3,CYC_0043,SWING,3,6.51
CYC_0043_P4,CYC_0043,DUMP,4,5.64
CYC_0043_P5,CYC_0043,REPOSITION,5,8.89
CYC_0044_P1,CYC_0044,DIG,1,8.24
CYC_0044_P2,CYC_0044,LIFT,2,6.03
CYC_0044_P3,CYC_0044,SWING,3,6.89
CYC_0044_P4,CYC_0044,DUMP,4,5.39
CYC_0044_P5,CYC_0044,REPOSITION,5,7.03
CYC_0045_P1,CYC_0045,DIG,1,9.12
CYC_0045_P2,CYC_0045,LIFT,2,5.68
CYC_0045_P3,CYC_0045,SWING,3,6.77
CYC_0045_P4,CYC_0045,DUMP,4,5.35
CYC_0045_P5,CYC_0045,REPOSITION,5,7.99
CYC_0046_P1,CYC_0046,DIG,1,8.6
CYC_0046_P2,CYC_0046,LIFT,2,5.7
CYC_0046_P3,CYC_0046,SWING,3,6.55
CYC_0046_P4,CYC_0046,DUMP,4,5.66
CYC_0046_P5,CYC_0046,REPOSITION,5,6.85
CYC_0047_P1,CYC_0047,DIG,1,8.48
CYC_0047_P2,CYC_0047,LIFT,2,5.77
CYC_0047_P3,CYC_0047,SWING,3,6.72
CYC_0047_P4,CYC_0047,DUMP,4,5.57
CYC_0047_P5,CYC_0047,REPOSITION,5,6.92
CYC_0048_P1,CYC_0048,DIG,1,8.6
CYC_0048_P2,CYC_0048,LIFT,2,5.77
CYC_0048_P3,CYC_0048,SWING,3,6.7
CYC_0048_P4,CYC_0048,DUMP,4,5.5
CYC_0048_P5,CYC_0048,REPOSITION,5,8.48
CYC_0049_P1,CYC_0049,DIG,1,8.62
CYC_0049_P2,CYC_0049,LIFT,2,5.88
CYC_0049_P3,CYC_0049,SWING,3,6.4
CYC_0049_P4,CYC_0049,DUMP,4,5.38
CYC_0049_P5,CYC_0049,REPOSITION,5,6.5
CYC_0050_P1,CYC_0050,DIG,1,8.73
CYC_0050_P2,CYC_0050,LIFT,2,5.68
CYC_0050_P3,CYC_0050,SWING,3,6.79
CYC_0050_P4,CYC_0050,DUMP,4,5.47
CYC_0050_P5,CYC_0050,REPOSITION,5,8.83
CYC_0051_P1,CYC_0051,DIG,1,9.13
CYC_0051_P2,CYC_0051,LIFT,2,5.89
CYC_0051_P3,CYC_0051,SWING,3,6.82
CYC_0051_P4,CYC_0051,DUMP,4,5.59
CYC_0051_P5,CYC_0051,REPOSITION,5,8.96
CYC_0052_P1,CYC_0052,DIG,1,8.54
CYC_0052_P2,CYC_0052,LIFT,2,5.61
CYC_0052_P3,CYC_0052,SWING,3,6.61
CYC_0052_P4,CYC_0052,DUMP,4,5.4
CYC_0052_P5,CYC_0052,REPOSITION,5,9.15
CYC_0053_P1,CYC_0053,DIG,1,8.36
CYC_0053_P2,CYC_0053,LIFT,2,6.08
CYC_0053_P3,CYC_0053,SWING,3,6.68
CYC_0053_P4,CYC_0053,DUMP,4,5.81
CYC_0053_P5,CYC_0053,REPOSITION,5,6.99
CYC_0054_P1,CYC_0054,DIG,1,8.45
CYC_0054_P2,CYC_0054,LIFT,2,5.61
CYC_0054_P3,CYC_0054,SWING,3,6.66
CYC_0054_P4,CYC_0054,DUMP,4,5.27
CYC_0054_P5,CYC_0054,REPOSITION,5,8.37
CYC_0055_P1,CYC_0055,DIG,1,8.92
CYC_0055_P2,CYC_0055,LIFT,2,5.42
CYC_0055_P3,CYC_0055,SWING,3,6.78
CYC_0055_P4,CYC_0055,DUMP,4,5.44
CYC_0055_P5,CYC_0055,REPOSITION,5,9.07
CYC_0056_P1,CYC_0056,DIG,1,8.37
CYC_0056_P2,CYC_0056,LIFT,2,5.86
CYC_0056_P3,CYC_0056,SWING,3,6.99
CYC_0056_P4,CYC_0056,DUMP,4,5.62
CYC_0056_P5,CYC_0056,REPOSITION,5,8.52
CYC_0057_P1,CYC_0057,DIG,1,8.24
CYC_0057_P2,CYC_0057,LIFT,2,5.84
CYC_0057_P3,CYC_0057,SWING,3,6.79
CYC_0057_P4,CYC_0057,DUMP,4,5.38
CYC_0057_P5,CYC_0057,REPOSITION,5,9.86
CYC_0058_P1,CYC_0058,DIG,1,8.88
CYC_0058_P2,CYC_0058,LIFT,2,5.54
CYC_0058_P3,CYC_0058,SWING,3,6.51
CYC_0058_P4,CYC_0058,DUMP,4,5.17
CYC_0058_P5,CYC_0058,REPOSITION,5,9.95
CYC_0059_P1,CYC_0059,DIG,1,8.46
CYC_0059_P2,CYC_0059,LIFT,2,5.81
CYC_0059_P3,CYC_0059,SWING,3,6.89
CYC_0059_P4,CYC_0059,DUMP,4,5.8
CYC_0059_P5,CYC_0059,REPOSITION,5,8.18
CYC_0060_P1,CYC_0060,DIG,1,8.65
CYC_0060_P2,CYC_0060,LIFT,2,5.87
CYC_0060_P3,CYC_0060,SWING,3,6.87
CYC_0060_P4,CYC_0060,DUMP,4,5.83
CYC_0060_P5,CYC_0060,REPOSITION,5,7.83
CYC_0061_P1,CYC_0061,DIG,1,8.27
CYC_0061_P2,CYC_0061,LIFT,2,5.62
CYC_0061_P3,CYC_0061,SWING,3,6.57
CYC_0061_P4,CYC_0061,DUMP,4,5.53
CYC_0061_P5,CYC_0061,REPOSITION,5,8.28
CYC_0062_P1,CYC_0062,DIG,1,8.35
CYC_0062_P2,CYC_0062,LIFT,2,5.99
CYC_0062_P3,CYC_0062,SWING,3,6.53
CYC_0062_P4,CYC_0062,DUMP,4,5.55
CYC_0062_P5,CYC_0062,REPOSITION,5,9.01
CYC_0063_P1,CYC_0063,DIG,1,8.39
CYC_0063_P2,CYC_0063,LIFT,2,5.43
CYC_0063_P3,CYC_0063,SWING,3,6.47
CYC_0063_P4,CYC_0063,DUMP,4,5.55
CYC_0063_P5,CYC_0063,REPOSITION,5,7.52
CYC_0064_P1,CYC_0064,DIG,1,8.29
CYC_0064_P2,CYC_0064,LIFT,2,6.47
CYC_0064_P3,CYC_0064,SWING,3,7.01
CYC_0064_P4,CYC_0064,DUMP,4,5.42
CYC_0064_P5,CYC_0064,REPOSITION,5,7.61
CYC_0065_P1,CYC_0065,DIG,1,8.35
CYC_0065_P2,CYC_0065,LIFT,2,6.02
CYC_0065_P3,CYC_0065,SWING,3,6.61
CYC_0065_P4,CYC_0065,DUMP,4,5.59
CYC_0065_P5,CYC_0065,REPOSITION,5,8.17
CYC_0066_P1,CYC_0066,DIG,1,8.95
CYC_0066_P2,CYC_0066,LIFT,2,5.91
CYC_0066_P3,CYC_0066,SWING,3,6.67
CYC_0066_P4,CYC_0066,DUMP,4,5.53
CYC_0066_P5,CYC_0066,REPOSITION,5,7.83
CYC_0067_P1,CYC_0067,DIG,1,8.4
CYC_0067_P2,CYC_0067,LIFT,2,5.96
CYC_0067_P3,CYC_0067,SWING,3,6.36
CYC_0067_P4,CYC_0067,DUMP,4,5.39
CYC_0067_P5,CYC_0067,REPOSITION,5,8.74
CYC_0068_P1,CYC_0068,DIG,1,7.98
CYC_0068_P2,CYC_0068,LIFT,2,5.74
CYC_0068_P3,CYC_0068,SWING,3,6.82
CYC_0068_P4,CYC_0068,DUMP,4,5.78
CYC_0068_P5,CYC_0068,REPOSITION,5,6.5
CYC_0069_P1,CYC_0069,DIG,1,7.84
CYC_0069_P2,CYC_0069,LIFT,2,6.02
CYC_0069_P3,CYC_0069,SWING,3,6.53
CYC_0069_P4,CYC_0069,DUMP,4,5.72
CYC_0069_P5,CYC_0069,REPOSITION,5,6.78
CYC_0070_P1,CYC_0070,DIG,1,8.01
CYC_0070_P2,CYC_0070,LIFT,2,5.83
CYC_0070_P3,CYC_0070,SWING,3,6.43
CYC_0070_P4,CYC_0070,DUMP,4,5.58
CYC_0070_P5,CYC_0070,REPOSITION,5,7.9
CYC_0071_P1,CYC_0071,DIG,1,8.48
CYC_0071_P2,CYC_0071,LIFT,2,5.7
CYC_0071_P3,CYC_0071,SWING,3,6.76
CYC_0071_P4,CYC_0071,DUMP,4,5.66
CYC_0071_P5,CYC_0071,REPOSITION,5,8.34
CYC_0072_P1,CYC_0072,DIG,1,8.13
CYC_0072_P2,CYC_0072,LIFT,2,5.74
CYC_0072_P3,CYC_0072,SWING,3,6.88
CYC_0072_P4,CYC_0072,DUMP,4,5.23
CYC_0072_P5,CYC_0072,REPOSITION,5,8.92
CYC_0073_P1,CYC_0073,DIG,1,8.25
CYC_0073_P2,CYC_0073,LIFT,2,5.71
CYC_0073_P3,CYC_0073,SWING,3,6.7
CYC_0073_P4,CYC_0073,DUMP,4,5.43
CYC_0073_P5,CYC_0073,REPOSITION,5,8.6
CYC_0074_P1,CYC_0074,DIG,1,8.85
CYC_0074_P2,CYC_0074,LIFT,2,5.94
CYC_0074_P3,CYC_0074,SWING,3,6.73
CYC_0074_P4,CYC_0074,DUMP,4,5.64
CYC_0074_P5,CYC_0074,REPOSITION,5,7.71
CYC_0075_P1,CYC_0075,DIG,1,8.37
CYC_0075_P2,CYC_0075,LIFT,2,5.77
CYC_0075_P3,CYC_0075,SWING,3,6.72
CYC_0075_P4,CYC_0075,DUMP,4,5.74
CYC_0075_P5,CYC_0075,REPOSITION,5,7.72
CYC_0076_P1,CYC_0076,DIG,1,8.88
CYC_0076_P2,CYC_0076,LIFT,2,5.63
CYC_0076_P3,CYC_0076,SWING,3,6.63
CYC_0076_P4,CYC_0076,DUMP,4,5.82
CYC_0076_P5,CYC_0076,REPOSITION,5,8.73
CYC_0077_P1,CYC_0077,DIG,1,8.97
CYC_0077_P2,CYC_0077,LIFT,2,5.75
CYC_0077_P3,CYC_0077,SWING,3,7.24
CYC_0077_P4,CYC_0077,DUMP,4,5.25
CYC_0077_P5,CYC_0077,REPOSITION,5,10.81
CYC_0078_P1,CYC_0078,DIG,1,8.63
CYC_0078_P2,CYC_0078,LIFT,2,5.7
CYC_0078_P3,CYC_0078,SWING,3,6.75
CYC_0078_P4,CYC_0078,DUMP,4,5.67
CYC_0078_P5,CYC_0078,REPOSITION,5,8.03
CYC_0079_P1,CYC_0079,DIG,1,8.25
CYC_0079_P2,CYC_0079,LIFT,2,5.56
CYC_0079_P3,CYC_0079,SWING,3,6.83
CYC_0079_P4,CYC_0079,DUMP,4,5.38
CYC_0079_P5,CYC_0079,REPOSITION,5,7.66
CYC_0080_P1,CYC_0080,DIG,1,8.05
CYC_0080_P2,CYC_0080,LIFT,2,5.9
CYC_0080_P3,CYC_0080,SWING,3,6.9
CYC_0080_P4,CYC_0080,DUMP,4,5.07
CYC_0080_P5,CYC_0080,REPOSITION,5,8.45
CYC_0081_P1,CYC_0081,DIG,1,8.72
CYC_0081_P2,CYC_0081,LIFT,2,5.63
CYC_0081_P3,CYC_0081,SWING,3,6.87
CYC_0081_P4,CYC_0081,DUMP,4,5.5
CYC_0081_P5,CYC_0081,REPOSITION,5,8.76
CYC_0082_P1,CYC_0082,DIG,1,8.64
CYC_0082_P2,CYC_0082,LIFT,2,5.72
CYC_0082_P3,CYC_0082,SWING,3,6.95
CYC_0082_P4,CYC_0082,DUMP,4,5.4
CYC_0082_P5,CYC_0082,REPOSITION,5,9.75
CYC_0083_P1,CYC_0083,DIG,1,8.08
CYC_0083_P2,CYC_0083,LIFT,2,5.83
CYC_0083_P3,CYC_0083,SWING,3,6.74
CYC_0083_P4,CYC_0083,DUMP,4,5.25
CYC_0083_P5,CYC_0083,REPOSITION,5,9.21
CYC_0084_P1,CYC_0084,DIG,1,8.48
CYC_0084_P2,CYC_0084,LIFT,2,5.38
CYC_0084_P3,CYC_0084,SWING,3,6.79
CYC_0084_P4,CYC_0084,DUMP,4,5.64
CYC_0084_P5,CYC_0084,REPOSITION,5,8.43
CYC_0085_P1,CYC_0085,DIG,1,8.61
CYC_0085_P2,CYC_0085,LIFT,2,5.83
CYC_0085_P3,CYC_0085,SWING,3,6.63
CYC_0085_P4,CYC_0085,DUMP,4,5.41
CYC_0085_P5,CYC_0085,REPOSITION,5,8.42
CYC_0086_P1,CYC_0086,DIG,1,8.96
CYC_0086_P2,CYC_0086,LIFT,2,5.69
CYC_0086_P3,CYC_0086,SWING,3,6.21
CYC_0086_P4,CYC_0086,DUMP,4,5.58
CYC_0086_P5,CYC_0086,REPOSITION,5,8.63
CYC_0087_P1,CYC_0087,DIG,1,8.92
CYC_0087_P2,CYC_0087,LIFT,2,5.82
CYC_0087_P3,CYC_0087,SWING,3,6.81
CYC_0087_P4,CYC_0087,DUMP,4,5.75
CYC_0087_P5,CYC_0087,REPOSITION,5,8.98
CYC_0088_P1,CYC_0088,DIG,1,8.7
CYC_0088_P2,CYC_0088,LIFT,2,6.15
CYC_0088_P3,CYC_0088,SWING,3,6.57
CYC_0088_P4,CYC_0088,DUMP,4,5.56
CYC_0088_P5,CYC_0088,REPOSITION,5,7.37
CYC_0089_P1,CYC_0089,DIG,1,8.68
CYC_0089_P2,CYC_0089,LIFT,2,5.95
CYC_0089_P3,CYC_0089,SWING,3,6.94
CYC_0089_P4,CYC_0089,DUMP,4,5.13
CYC_0089_P5,CYC_0089,REPOSITION,5,7.61
CYC_0090_P1,CYC_0090,DIG,1,7.88
CYC_0090_P2,CYC_0090,LIFT,2,5.89
CYC_0090_P3,CYC_0090,SWING,3,6.46
CYC_0090_P4,CYC_0090,DUMP,4,5.56
CYC_0090_P5,CYC_0090,REPOSITION,5,8.87
CYC_0091_P1,CYC_0091,DIG,1,8.89
CYC_0091_P2,CYC_0091,LIFT,2,5.5
CYC_0091_P3,CYC_0091,SWING,3,6.53
CYC_0091_P4,CYC_0091,DUMP,4,5.3
CYC_0091_P5,CYC_0091,REPOSITION,5,8.83
CYC_0092_P1,CYC_0092,DIG,1,9.26
CYC_0092_P2,CYC_0092,LIFT,2,5.79
CYC_0092_P3,CYC_0092,SWING,3,6.5
CYC_0092_P4,CYC_0092,DUMP,4,5.8
CYC_0092_P5,CYC_0092,REPOSITION,5,9.49
CYC_0093_P1,CYC_0093,DIG,1,8.61
CYC_0093_P2,CYC_0093,LIFT,2,5.72
CYC_0093_P3,CYC_0093,SWING,3,6.99
CYC_0093_P4,CYC_0093,DUMP,4,5.33
CYC_0093_P5,CYC_0093,REPOSITION,5,9.44
CYC_0094_P1,CYC_0094,DIG,1,8.05
CYC_0094_P2,CYC_0094,LIFT,2,5.88
CYC_0094_P3,CYC_0094,SWING,3,6.29
CYC_0094_P4,CYC_0094,DUMP,4,5.25
CYC_0094_P5,CYC_0094,REPOSITION,5,8.31
CYC_0095_P1,CYC_0095,DIG,1,11.19
CYC_0095_P2,CYC_0095,LIFT,2,6.91
CYC_0095_P3,CYC_0095,SWING,3,8.36
CYC_0095_P4,CYC_0095,DUMP,4,5.24
CYC_0095_P5,CYC_0095,REPOSITION,5,8.8
CYC_0096_P1,CYC_0096,DIG,1,7.2
CYC_0096_P2,CYC_0096,LIFT,2,7.42
CYC_0096_P3,CYC_0096,SWING,3,7.8
CYC_0096_P4,CYC_0096,DUMP,4,5.79
CYC_0096_P5,CYC_0096,REPOSITION,5,12.35
CYC_0097_P1,CYC_0097,DIG,1,10.09
CYC_0097_P2,CYC_0097,LIFT,2,5.17
CYC_0097_P3,CYC_0097,SWING,3,6.56
CYC_0097_P4,CYC_0097,DUMP,4,6.77
CYC_0097_P5,CYC_0097,REPOSITION,5,15.81
CYC_0098_P1,CYC_0098,DIG,1,10.08
CYC_0098_P2,CYC_0098,LIFT,2,6.49
CYC_0098_P3,CYC_0098,SWING,3,6.83
CYC_0098_P4,CYC_0098,DUMP,4,5.82
CYC_0098_P5,CYC_0098,REPOSITION,5,11.31
CYC_0099_P1,CYC_0099,DIG,1,9.77
CYC_0099_P2,CYC_0099,LIFT,2,5.98
CYC_0099_P3,CYC_0099,SWING,3,7.57
CYC_0099_P4,CYC_0099,DUMP,4,5.06
CYC_0099_P5,CYC_0099,REPOSITION,5,10.0
CYC_0100_P1,CYC_0100,DIG,1,9.14
CYC_0100_P2,CYC_0100,LIFT,2,7.07
CYC_0100_P3,CYC_0100,SWING,3,6.38
CYC_0100_P4,CYC_0100,DUMP,4,5.35
CYC_0100_P5,CYC_0100,REPOSITION,5,8.8
CYC_0101_P1,CYC_0101,DIG,1,8.21
CYC_0101_P2,CYC_0101,LIFT,2,6.24
CYC_0101_P3,CYC_0101,SWING,3,8.15
CYC_0101_P4,CYC_0101,DUMP,4,4.3
CYC_0101_P5,CYC_0101,REPOSITION,5,10.65
CYC_0102_P1,CYC_0102,DIG,1,10.3
CYC_0102_P2,CYC_0102,LIFT,2,6.29
CYC_0102_P3,CYC_0102,SWING,3,7.43
CYC_0102_P4,CYC_0102,DUMP,4,6.4
CYC_0102_P5,CYC_0102,REPOSITION,5,14.59
CYC_0103_P1,CYC_0103,DIG,1,9.75
CYC_0103_P2,CYC_0103,LIFT,2,5.96
CYC_0103_P3,CYC_0103,SWING,3,7.79
CYC_0103_P4,CYC_0103,DUMP,4,5.12
CYC_0103_P5,CYC_0103,REPOSITION,5,12.13
CYC_0104_P1,CYC_0104,DIG,1,8.1
CYC_0104_P2,CYC_0104,LIFT,2,6.14
CYC_0104_P3,CYC_0104,SWING,3,7.55
CYC_0104_P4,CYC_0104,DUMP,4,6.09
CYC_0104_P5,CYC_0104,REPOSITION,5,11.94
CYC_0105_P1,CYC_0105,DIG,1,10.27
CYC_0105_P2,CYC_0105,LIFT,2,5.91
CYC_0105_P3,CYC_0105,SWING,3,6.69
CYC_0105_P4,CYC_0105,DUMP,4,5.61
CYC_0105_P5,CYC_0105,REPOSITION,5,9.6
CYC_0106_P1,CYC_0106,DIG,1,9.44
CYC_0106_P2,CYC_0106,LIFT,2,5.67
CYC_0106_P3,CYC_0106,SWING,3,7.13
CYC_0106_P4,CYC_0106,DUMP,4,5.58
CYC_0106_P5,CYC_0106,REPOSITION,5,7.76
CYC_0107_P1,CYC_0107,DIG,1,7.95
CYC_0107_P2,CYC_0107,LIFT,2,5.61
CYC_0107_P3,CYC_0107,SWING,3,6.59
CYC_0107_P4,CYC_0107,DUMP,4,5.38
CYC_0107_P5,CYC_0107,REPOSITION,5,9.21
CYC_0108_P1,CYC_0108,DIG,1,9.41
CYC_0108_P2,CYC_0108,LIFT,2,5.29
CYC_0108_P3,CYC_0108,SWING,3,6.48
CYC_0108_P4,CYC_0108,DUMP,4,5.43
CYC_0108_P5,CYC_0108,REPOSITION,5,7.66
CYC_0109_P1,CYC_0109,DIG,1,9.5
CYC_0109_P2,CYC_0109,LIFT,2,5.74
CYC_0109_P3,CYC_0109,SWING,3,6.91
CYC_0109_P4,CYC_0109,DUMP,4,5.18
CYC_0109_P5,CYC_0109,REPOSITION,5,8.23
CYC_0110_P1,CYC_0110,DIG,1,8.81
CYC_0110_P2,CYC_0110,LIFT,2,6.08
CYC_0110_P3,CYC_0110,SWING,3,7.41
CYC_0110_P4,CYC_0110,DUMP,4,6.05
CYC_0110_P5,CYC_0110,REPOSITION,5,7.27
CYC_0111_P1,CYC_0111,DIG,1,9.55
CYC_0111_P2,CYC_0111,LIFT,2,5.74
CYC_0111_P3,CYC_0111,SWING,3,6.59
CYC_0111_P4,CYC_0111,DUMP,4,5.21
CYC_0111_P5,CYC_0111,REPOSITION,5,9.82
CYC_0112_P1,CYC_0112,DIG,1,8.08
CYC_0112_P2,CYC_0112,LIFT,2,5.88
CYC_0112_P3,CYC_0112,SWING,3,6.93
CYC_0112_P4,CYC_0112,DUMP,4,5.14
CYC_0112_P5,CYC_0112,REPOSITION,5,8.73
CYC_0113_P1,CYC_0113,DIG,1,8.59
CYC_0113_P2,CYC_0113,LIFT,2,5.5
CYC_0113_P3,CYC_0113,SWING,3,5.42
CYC_0113_P4,CYC_0113,DUMP,4,6.02
CYC_0113_P5,CYC_0113,REPOSITION,5,7.73
CYC_0114_P1,CYC_0114,DIG,1,8.87
CYC_0114_P2,CYC_0114,LIFT,2,5.68
CYC_0114_P3,CYC_0114,SWING,3,7.3
CYC_0114_P4,CYC_0114,DUMP,4,6.24
CYC_0114_P5,CYC_0114,REPOSITION,5,9.71
CYC_0115_P1,CYC_0115,DIG,1,8.08
CYC_0115_P2,CYC_0115,LIFT,2,5.79
CYC_0115_P3,CYC_0115,SWING,3,6.77
CYC_0115_P4,CYC_0115,DUMP,4,5.87
CYC_0115_P5,CYC_0115,REPOSITION,5,9.37
CYC_0116_P1,CYC_0116,DIG,1,9.5
CYC_0116_P2,CYC_0116,LIFT,2,6.18
CYC_0116_P3,CYC_0116,SWING,3,7.94
CYC_0116_P4,CYC_0116,DUMP,4,5.09
CYC_0116_P5,CYC_0116,REPOSITION,5,10.71
CYC_0117_P1,CYC_0117,DIG,1,7.22
CYC_0117_P2,CYC_0117,LIFT,2,5.24
CYC_0117_P3,CYC_0117,SWING,3,6.11
CYC_0117_P4,CYC_0117,DUMP,4,4.51
CYC_0117_P5,CYC_0117,REPOSITION,5,11.81
CYC_0118_P1,CYC_0118,DIG,1,7.89
CYC_0118_P2,CYC_0118,LIFT,2,5.75
CYC_0118_P3,CYC_0118,SWING,3,7.75
CYC_0118_P4,CYC_0118,DUMP,4,6.15
CYC_0118_P5,CYC_0118,REPOSITION,5,11.64
CYC_0119_P1,CYC_0119,DIG,1,7.82
CYC_0119_P2,CYC_0119,LIFT,2,5.76
CYC_0119_P3,CYC_0119,SWING,3,6.46
CYC_0119_P4,CYC_0119,DUMP,4,5.6
CYC_0119_P5,CYC_0119,REPOSITION,5,8.34
CYC_0120_P1,CYC_0120,DIG,1,7.41
CYC_0120_P2,CYC_0120,LIFT,2,4.77
CYC_0120_P3,CYC_0120,SWING,3,7.1
CYC_0120_P4,CYC_0120,DUMP,4,5.99
CYC_0120_P5,CYC_0120,REPOSITION,5,9.41
CYC_0121_P1,CYC_0121,DIG,1,8.64
CYC_0121_P2,CYC_0121,LIFT,2,6.09
CYC_0121_P3,CYC_0121,SWING,3,5.96
CYC_0121_P4,CYC_0121,DUMP,4,5.28
CYC_0121_P5,CYC_0121,REPOSITION,5,7.5
CYC_0122_P1,CYC_0122,DIG,1,7.3
CYC_0122_P2,CYC_0122,LIFT,2,6.25
CYC_0122_P3,CYC_0122,SWING,3,7.06
CYC_0122_P4,CYC_0122,DUMP,4,6.26
CYC_0122_P5,CYC_0122,REPOSITION,5,12.05
CYC_0123_P1,CYC_0123,DIG,1,7.99
CYC_0123_P2,CYC_0123,LIFT,2,5.72
CYC_0123_P3,CYC_0123,SWING,3,6.57
CYC_0123_P4,CYC_0123,DUMP,4,5.76
CYC_0123_P5,CYC_0123,REPOSITION,5,8.79
CYC_0124_P1,CYC_0124,DIG,1,7.7
CYC_0124_P2,CYC_0124,LIFT,2,6.8
CYC_0124_P3,CYC_0124,SWING,3,8.38
CYC_0124_P4,CYC_0124,DUMP,4,6.22
CYC_0124_P5,CYC_0124,REPOSITION,5,10.18
CYC_0125_P1,CYC_0125,DIG,1,9.38
CYC_0125_P2,CYC_0125,LIFT,2,6.12
CYC_0125_P3,CYC_0125,SWING,3,6.72
CYC_0125_P4,CYC_0125,DUMP,4,6.18
CYC_0125_P5,CYC_0125,REPOSITION,5,10.27
CYC_0126_P1,CYC_0126,DIG,1,8.54
CYC_0126_P2,CYC_0126,LIFT,2,6.06
CYC_0126_P3,CYC_0126,SWING,3,6.66
CYC_0126_P4,CYC_0126,DUMP,4,6.11
CYC_0126_P5,CYC_0126,REPOSITION,5,7.83
CYC_0127_P1,CYC_0127,DIG,1,7.41
CYC_0127_P2,CYC_0127,LIFT,2,5.22
CYC_0127_P3,CYC_0127,SWING,3,6.31
CYC_0127_P4,CYC_0127,DUMP,4,5.6
CYC_0127_P5,CYC_0127,REPOSITION,5,9.17
CYC_0128_P1,CYC_0128,DIG,1,7.25
CYC_0128_P2,CYC_0128,LIFT,2,5.48
CYC_0128_P3,CYC_0128,SWING,3,6.13
CYC_0128_P4,CYC_0128,DUMP,4,5.63
CYC_0128_P5,CYC_0128,REPOSITION,5,9.51
CYC_0129_P1,CYC_0129,DIG,1,9.83
CYC_0129_P2,CYC_0129,LIFT,2,5.49
CYC_0129_P3,CYC_0129,SWING,3,7.51
CYC_0129_P4,CYC_0129,DUMP,4,6.37
CYC_0129_P5,CYC_0129,REPOSITION,5,11.67
CYC_0130_P1,CYC_0130,DIG,1,6.9
CYC_0130_P2,CYC_0130,LIFT,2,5.48
CYC_0130_P3,CYC_0130,SWING,3,6.0
CYC_0130_P4,CYC_0130,DUMP,4,5.38
CYC_0130_P5,CYC_0130,REPOSITION,5,8.79
CYC_0131_P1,CYC_0131,DIG,1,7.6
CYC_0131_P2,CYC_0131,LIFT,2,5.03
CYC_0131_P3,CYC_0131,SWING,3,6.11
CYC_0131_P4,CYC_0131,DUMP,4,6.08
CYC_0131_P5,CYC_0131,REPOSITION,5,8.29
CYC_0132_P1,CYC_0132,DIG,1,7.33
CYC_0132_P2,CYC_0132,LIFT,2,5.25
CYC_0132_P3,CYC_0132,SWING,3,6.24
CYC_0132_P4,CYC_0132,DUMP,4,6.07
CYC_0132_P5,CYC_0132,REPOSITION,5,8.77
CYC_0133_P1,CYC_0133,DIG,1,7.9
CYC_0133_P2,CYC_0133,LIFT,2,5.04
CYC_0133_P3,CYC_0133,SWING,3,6.14
CYC_0133_P4,CYC_0133,DUMP,4,5.29
CYC_0133_P5,CYC_0133,REPOSITION,5,7.66
CYC_0134_P1,CYC_0134,DIG,1,7.77
CYC_0134_P2,CYC_0134,LIFT,2,5.33
CYC_0134_P3,CYC_0134,SWING,3,5.96
CYC_0134_P4,CYC_0134,DUMP,4,5.54
CYC_0134_P5,CYC_0134,REPOSITION,5,9.63
CYC_0135_P1,CYC_0135,DIG,1,9.07
CYC_0135_P2,CYC_0135,LIFT,2,5.33
CYC_0135_P3,CYC_0135,SWING,3,6.86
CYC_0135_P4,CYC_0135,DUMP,4,6.43
CYC_0135_P5,CYC_0135,REPOSITION,5,12.08
CYC_0136_P1,CYC_0136,DIG,1,7.96
CYC_0136_P2,CYC_0136,LIFT,2,5.08
CYC_0136_P3,CYC_0136,SWING,3,6.32
CYC_0136_P4,CYC_0136,DUMP,4,5.65
CYC_0136_P5,CYC_0136,REPOSITION,5,10.98
CYC_0137_P1,CYC_0137,DIG,1,8.57
CYC_0137_P2,CYC_0137,LIFT,2,5.46
CYC_0137_P3,CYC_0137,SWING,3,6.77
CYC_0137_P4,CYC_0137,DUMP,4,5.66
CYC_0137_P5,CYC_0137,REPOSITION,5,8.82
CYC_0138_P1,CYC_0138,DIG,1,8.24
CYC_0138_P2,CYC_0138,LIFT,2,5.39
CYC_0138_P3,CYC_0138,SWING,3,7.28
CYC_0138_P4,CYC_0138,DUMP,4,5.84
CYC_0138_P5,CYC_0138,REPOSITION,5,9.62
CYC_0139_P1,CYC_0139,DIG,1,8.41
CYC_0139_P2,CYC_0139,LIFT,2,5.37
CYC_0139_P3,CYC_0139,SWING,3,6.31
CYC_0139_P4,CYC_0139,DUMP,4,5.39
CYC_0139_P5,CYC_0139,REPOSITION,5,11.08
CYC_0140_P1,CYC_0140,DIG,1,8.28
CYC_0140_P2,CYC_0140,LIFT,2,5.64
CYC_0140_P3,CYC_0140,SWING,3,6.62
CYC_0140_P4,CYC_0140,DUMP,4,5.28
CYC_0140_P5,CYC_0140,REPOSITION,5,10.44
CYC_0141_P1,CYC_0141,DIG,1,9.06
CYC_0141_P2,CYC_0141,LIFT,2,6.0
CYC_0141_P3,CYC_0141,SWING,3,6.23
CYC_0141_P4,CYC_0141,DUMP,4,6.13
CYC_0141_P5,CYC_0141,REPOSITION,5,12.16
CYC_0142_P1,CYC_0142,DIG,1,7.0
CYC_0142_P2,CYC_0142,LIFT,2,6.63
CYC_0142_P3,CYC_0142,SWING,3,7.22
CYC_0142_P4,CYC_0142,DUMP,4,6.38
CYC_0142_P5,CYC_0142,REPOSITION,5,10.12
CYC_0143_P1,CYC_0143,DIG,1,8.44
CYC_0143_P2,CYC_0143,LIFT,2,5.84
CYC_0143_P3,CYC_0143,SWING,3,6.79
CYC_0143_P4,CYC_0143,DUMP,4,5.87
CYC_0143_P5,CYC_0143,REPOSITION,5,9.07
CYC_0144_P1,CYC_0144,DIG,1,8.89
CYC_0144_P2,CYC_0144,LIFT,2,6.16
CYC_0144_P3,CYC_0144,SWING,3,6.26
CYC_0144_P4,CYC_0144,DUMP,4,5.95
CYC_0144_P5,CYC_0144,REPOSITION,5,12.95
CYC_0145_P1,CYC_0145,DIG,1,8.1
CYC_0145_P2,CYC_0145,LIFT,2,5.68
CYC_0145_P3,CYC_0145,SWING,3,6.85
CYC_0145_P4,CYC_0145,DUMP,4,5.6
CYC_0145_P5,CYC_0145,REPOSITION,5,9.14
CYC_0146_P1,CYC_0146,DIG,1,11.72
CYC_0146_P2,CYC_0146,LIFT,2,6.59
CYC_0146_P3,CYC_0146,SWING,3,6.97
CYC_0146_P4,CYC_0146,DUMP,4,5.7
CYC_0146_P5,CYC_0146,REPOSITION,5,12.54
CYC_0147_P1,CYC_0147,DIG,1,9.26
CYC_0147_P2,CYC_0147,LIFT,2,6.28
CYC_0147_P3,CYC_0147,SWING,3,6.54
CYC_0147_P4,CYC_0147,DUMP,4,6.49
CYC_0147_P5,CYC_0147,REPOSITION,5,10.59
CYC_0148_P1,CYC_0148,DIG,1,8.57
CYC_0148_P2,CYC_0148,LIFT,2,5.65
CYC_0148_P3,CYC_0148,SWING,3,7.13
CYC_0148_P4,CYC_0148,DUMP,4,5.62
CYC_0148_P5,CYC_0148,REPOSITION,5,8.32
CYC_0149_P1,CYC_0149,DIG,1,10.07
CYC_0149_P2,CYC_0149,LIFT,2,6.31
CYC_0149_P3,CYC_0149,SWING,3,6.18
CYC_0149_P4,CYC_0149,DUMP,4,6.29
CYC_0149_P5,CYC_0149,REPOSITION,5,10.96
CYC_0150_P1,CYC_0150,DIG,1,8.58
CYC_0150_P2,CYC_0150,LIFT,2,7.07
CYC_0150_P3,CYC_0150,SWING,3,6.7
CYC_0150_P4,CYC_0150,DUMP,4,5.27
CYC_0150_P5,CYC_0150,REPOSITION,5,11.27
CYC_0151_P1,CYC_0151,DIG,1,9.28
CYC_0151_P2,CYC_0151,LIFT,2,6.68
CYC_0151_P3,CYC_0151,SWING,3,6.51
CYC_0151_P4,CYC_0151,DUMP,4,5.29
CYC_0151_P5,CYC_0151,REPOSITION,5,9.89
CYC_0152_P1,CYC_0152,DIG,1,9.0
CYC_0152_P2,CYC_0152,LIFT,2,5.82
CYC_0152_P3,CYC_0152,SWING,3,7.09
CYC_0152_P4,CYC_0152,DUMP,4,5.55
CYC_0152_P5,CYC_0152,REPOSITION,5,7.75
CYC_0153_P1,CYC_0153,DIG,1,8.16
CYC_0153_P2,CYC_0153,LIFT,2,5.64
CYC_0153_P3,CYC_0153,SWING,3,6.9
CYC_0153_P4,CYC_0153,DUMP,4,5.58
CYC_0153_P5,CYC_0153,REPOSITION,5,7.99
CYC_0154_P1,CYC_0154,DIG,1,8.39
CYC_0154_P2,CYC_0154,LIFT,2,6.86
CYC_0154_P3,CYC_0154,SWING,3,7.61
CYC_0154_P4,CYC_0154,DUMP,4,5.13
CYC_0154_P5,CYC_0154,REPOSITION,5,11.01
CYC_0155_P1,CYC_0155,DIG,1,9.32
CYC_0155_P2,CYC_0155,LIFT,2,5.64
CYC_0155_P3,CYC_0155,SWING,3,6.41
CYC_0155_P4,CYC_0155,DUMP,4,6.49
CYC_0155_P5,CYC_0155,REPOSITION,5,10.01
CYC_0156_P1,CYC_0156,DIG,1,7.2
CYC_0156_P2,CYC_0156,LIFT,2,7.28
CYC_0156_P3,CYC_0156,SWING,3,7.88
CYC_0156_P4,CYC_0156,DUMP,4,5.01
CYC_0156_P5,CYC_0156,REPOSITION,5,11.3
CYC_0157_P1,CYC_0157,DIG,1,8.04
CYC_0157_P2,CYC_0157,LIFT,2,5.89
CYC_0157_P3,CYC_0157,SWING,3,6.6
CYC_0157_P4,CYC_0157,DUMP,4,5.6
CYC_0157_P5,CYC_0157,REPOSITION,5,9.53
CYC_0158_P1,CYC_0158,DIG,1,8.33
CYC_0158_P2,CYC_0158,LIFT,2,5.76
CYC_0158_P3,CYC_0158,SWING,3,7.21
CYC_0158_P4,CYC_0158,DUMP,4,6.04
CYC_0158_P5,CYC_0158,REPOSITION,5,8.53
CYC_0159_P1,CYC_0159,DIG,1,9.37
CYC_0159_P2,CYC_0159,LIFT,2,6.63
CYC_0159_P3,CYC_0159,SWING,3,6.6
CYC_0159_P4,CYC_0159,DUMP,4,6.27
CYC_0159_P5,CYC_0159,REPOSITION,5,11.43
CYC_0160_P1,CYC_0160,DIG,1,8.2
CYC_0160_P2,CYC_0160,LIFT,2,5.63
CYC_0160_P3,CYC_0160,SWING,3,7.06
CYC_0160_P4,CYC_0160,DUMP,4,5.38
CYC_0160_P5,CYC_0160,REPOSITION,5,7.9
CYC_0161_P1,CYC_0161,DIG,1,8.8
CYC_0161_P2,CYC_0161,LIFT,2,5.73
CYC_0161_P3,CYC_0161,SWING,3,6.78
CYC_0161_P4,CYC_0161,DUMP,4,5.29
CYC_0161_P5,CYC_0161,REPOSITION,5,9.48
CYC_0162_P1,CYC_0162,DIG,1,9.52
CYC_0162_P2,CYC_0162,LIFT,2,5.24
CYC_0162_P3,CYC_0162,SWING,3,8.2
CYC_0162_P4,CYC_0162,DUMP,4,5.57
CYC_0162_P5,CYC_0162,REPOSITION,5,12.44
CYC_0163_P1,CYC_0163,DIG,1,8.54
CYC_0163_P2,CYC_0163,LIFT,2,5.57
CYC_0163_P3,CYC_0163,SWING,3,6.82
CYC_0163_P4,CYC_0163,DUMP,4,5.99
CYC_0163_P5,CYC_0163,REPOSITION,5,6.74
CYC_0164_P1,CYC_0164,DIG,1,10.25
CYC_0164_P2,CYC_0164,LIFT,2,6.2
CYC_0164_P3,CYC_0164,SWING,3,6.34
CYC_0164_P4,CYC_0164,DUMP,4,6.48
CYC_0164_P5,CYC_0164,REPOSITION,5,9.52
CYC_0165_P1,CYC_0165,DIG,1,10.63
CYC_0165_P2,CYC_0165,LIFT,2,6.46
CYC_0165_P3,CYC_0165,SWING,3,6.81
CYC_0165_P4,CYC_0165,DUMP,4,6.23
CYC_0165_P5,CYC_0165,REPOSITION,5,14.52
CYC_0166_P1,CYC_0166,DIG,1,7.73
CYC_0166_P2,CYC_0166,LIFT,2,6.99
CYC_0166_P3,CYC_0166,SWING,3,7.35
CYC_0166_P4,CYC_0166,DUMP,4,5.72
CYC_0166_P5,CYC_0166,REPOSITION,5,10.42
CYC_0167_P1,CYC_0167,DIG,1,7.71
CYC_0167_P2,CYC_0167,LIFT,2,6.07
CYC_0167_P3,CYC_0167,SWING,3,7.25
CYC_0167_P4,CYC_0167,DUMP,4,6.19
CYC_0167_P5,CYC_0167,REPOSITION,5,12.96
CYC_0168_P1,CYC_0168,DIG,1,8.91
CYC_0168_P2,CYC_0168,LIFT,2,6.04
CYC_0168_P3,CYC_0168,SWING,3,6.44
CYC_0168_P4,CYC_0168,DUMP,4,5.4
CYC_0168_P5,CYC_0168,REPOSITION,5,9.11
CYC_0169_P1,CYC_0169,DIG,1,9.03
CYC_0169_P2,CYC_0169,LIFT,2,4.94
CYC_0169_P3,CYC_0169,SWING,3,7.63
CYC_0169_P4,CYC_0169,DUMP,4,7.0
CYC_0169_P5,CYC_0169,REPOSITION,5,13.51
CYC_0170_P1,CYC_0170,DIG,1,11.29
CYC_0170_P2,CYC_0170,LIFT,2,6.21
CYC_0170_P3,CYC_0170,SWING,3,6.86
CYC_0170_P4,CYC_0170,DUMP,4,5.26
CYC_0170_P5,CYC_0170,REPOSITION,5,12.18
CYC_0171_P1,CYC_0171,DIG,1,8.25
CYC_0171_P2,CYC_0171,LIFT,2,5.66
CYC_0171_P3,CYC_0171,SWING,3,6.61
CYC_0171_P4,CYC_0171,DUMP,4,5.66
CYC_0171_P5,CYC_0171,REPOSITION,5,9.29
CYC_0172_P1,CYC_0172,DIG,1,9.54
CYC_0172_P2,CYC_0172,LIFT,2,6.13
CYC_0172_P3,CYC_0172,SWING,3,6.94
CYC_0172_P4,CYC_0172,DUMP,4,6.14
CYC_0172_P5,CYC_0172,REPOSITION,5,8.56
CYC_0173_P1,CYC_0173,DIG,1,8.44
CYC_0173_P2,CYC_0173,LIFT,2,5.88
CYC_0173_P3,CYC_0173,SWING,3,6.94
CYC_0173_P4,CYC_0173,DUMP,4,5.76
CYC_0173_P5,CYC_0173,REPOSITION,5,8.87
CYC_0174_P1,CYC_0174,DIG,1,8.57
CYC_0174_P2,CYC_0174,LIFT,2,6.59
CYC_0174_P3,CYC_0174,SWING,3,7.32
CYC_0174_P4,CYC_0174,DUMP,4,5.83
CYC_0174_P5,CYC_0174,REPOSITION,5,11.51
CYC_0175_P1,CYC_0175,DIG,1,8.84
CYC_0175_P2,CYC_0175,LIFT,2,6.35
CYC_0175_P3,CYC_0175,SWING,3,8.07
CYC_0175_P4,CYC_0175,DUMP,4,5.55
CYC_0175_P5,CYC_0175,REPOSITION,5,10.73
CYC_0176_P1,CYC_0176,DIG,1,10.54
CYC_0176_P2,CYC_0176,LIFT,2,5.46
CYC_0176_P3,CYC_0176,SWING,3,8.63
CYC_0176_P4,CYC_0176,DUMP,4,5.57
CYC_0176_P5,CYC_0176,REPOSITION,5,10.46
CYC_0177_P1,CYC_0177,DIG,1,9.75
CYC_0177_P2,CYC_0177,LIFT,2,5.51
CYC_0177_P3,CYC_0177,SWING,3,7.74
CYC_0177_P4,CYC_0177,DUMP,4,5.79
CYC_0177_P5,CYC_0177,REPOSITION,5,11.29
CYC_0178_P1,CYC_0178,DIG,1,9.63
CYC_0178_P2,CYC_0178,LIFT,2,5.5
CYC_0178_P3,CYC_0178,SWING,3,8.26
CYC_0178_P4,CYC_0178,DUMP,4,5.6
CYC_0178_P5,CYC_0178,REPOSITION,5,8.85
CYC_0179_P1,CYC_0179,DIG,1,8.47
CYC_0179_P2,CYC_0179,LIFT,2,6.24
CYC_0179_P3,CYC_0179,SWING,3,7.04
CYC_0179_P4,CYC_0179,DUMP,4,5.54
CYC_0179_P5,CYC_0179,REPOSITION,5,8.37
CYC_0180_P1,CYC_0180,DIG,1,8.51
CYC_0180_P2,CYC_0180,LIFT,2,5.77
CYC_0180_P3,CYC_0180,SWING,3,6.51
CYC_0180_P4,CYC_0180,DUMP,4,5.5
CYC_0180_P5,CYC_0180,REPOSITION,5,8.54
CYC_0181_P1,CYC_0181,DIG,1,8.94
CYC_0181_P2,CYC_0181,LIFT,2,6.21
CYC_0181_P3,CYC_0181,SWING,3,7.23
CYC_0181_P4,CYC_0181,DUMP,4,5.77
CYC_0181_P5,CYC_0181,REPOSITION,5,7.66
CYC_0182_P1,CYC_0182,DIG,1,8.33
CYC_0182_P2,CYC_0182,LIFT,2,5.89
CYC_0182_P3,CYC_0182,SWING,3,7.13
CYC_0182_P4,CYC_0182,DUMP,4,5.43
CYC_0182_P5,CYC_0182,REPOSITION,5,7.43
CYC_0183_P1,CYC_0183,DIG,1,9.39
CYC_0183_P2,CYC_0183,LIFT,2,7.25
CYC_0183_P3,CYC_0183,SWING,3,6.95
CYC_0183_P4,CYC_0183,DUMP,4,5.81
CYC_0183_P5,CYC_0183,REPOSITION,5,14.63
CYC_0184_P1,CYC_0184,DIG,1,8.93
CYC_0184_P2,CYC_0184,LIFT,2,5.48
CYC_0184_P3,CYC_0184,SWING,3,6.94
CYC_0184_P4,CYC_0184,DUMP,4,5.55
CYC_0184_P5,CYC_0184,REPOSITION,5,8.33
CYC_0185_P1,CYC_0185,DIG,1,8.21
CYC_0185_P2,CYC_0185,LIFT,2,5.81
CYC_0185_P3,CYC_0185,SWING,3,6.55
CYC_0185_P4,CYC_0185,DUMP,4,5.49
CYC_0185_P5,CYC_0185,REPOSITION,5,8.41
CYC_0186_P1,CYC_0186,DIG,1,7.8
CYC_0186_P2,CYC_0186,LIFT,2,5.99
CYC_0186_P3,CYC_0186,SWING,3,7.0
CYC_0186_P4,CYC_0186,DUMP,4,5.55
CYC_0186_P5,CYC_0186,REPOSITION,5,8.91
CYC_0187_P1,CYC_0187,DIG,1,8.42
CYC_0187_P2,CYC_0187,LIFT,2,5.38
CYC_0187_P3,CYC_0187,SWING,3,7.11
CYC_0187_P4,CYC_0187,DUMP,4,5.9
CYC_0187_P5,CYC_0187,REPOSITION,5,12.91
CYC_0188_P1,CYC_0188,DIG,1,10.52
CYC_0188_P2,CYC_0188,LIFT,2,7.04
CYC_0188_P3,CYC_0188,SWING,3,7.33
CYC_0188_P4,CYC_0188,DUMP,4,5.77
CYC_0188_P5,CYC_0188,REPOSITION,5,11.97
CYC_0189_P1,CYC_0189,DIG,1,7.35
CYC_0189_P2,CYC_0189,LIFT,2,5.29
CYC_0189_P3,CYC_0189,SWING,3,7.63
CYC_0189_P4,CYC_0189,DUMP,4,7.47
CYC_0189_P5,CYC_0189,REPOSITION,5,12.47
CYC_0190_P1,CYC_0190,DIG,1,8.4
CYC_0190_P2,CYC_0190,LIFT,2,5.99
CYC_0190_P3,CYC_0190,SWING,3,7.67
CYC_0190_P4,CYC_0190,DUMP,4,6.24
CYC_0190_P5,CYC_0190,REPOSITION,5,11.78
CYC_0191_P1,CYC_0191,DIG,1,8.06
CYC_0191_P2,CYC_0191,LIFT,2,5.36
CYC_0191_P3,CYC_0191,SWING,3,6.92
CYC_0191_P4,CYC_0191,DUMP,4,5.9
CYC_0191_P5,CYC_0191,REPOSITION,5,8.8
CYC_0192_P1,CYC_0192,DIG,1,7.55
CYC_0192_P2,CYC_0192,LIFT,2,5.8
CYC_0192_P3,CYC_0192,SWING,3,6.93
CYC_0192_P4,CYC_0192,DUMP,4,5.46
CYC_0192_P5,CYC_0192,REPOSITION,5,11.65
CYC_0193_P1,CYC_0193,DIG,1,11.14
CYC_0193_P2,CYC_0193,LIFT,2,6.74
CYC_0193_P3,CYC_0193,SWING,3,8.32
CYC_0193_P4,CYC_0193,DUMP,4,5.6
CYC_0193_P5,CYC_0193,REPOSITION,5,11.03
CYC_0194_P1,CYC_0194,DIG,1,8.08
CYC_0194_P2,CYC_0194,LIFT,2,5.8
CYC_0194_P3,CYC_0194,SWING,3,6.69
CYC_0194_P4,CYC_0194,DUMP,4,5.37
CYC_0194_P5,CYC_0194,REPOSITION,5,8.28
CYC_0195_P1,CYC_0195,DIG,1,9.59
CYC_0195_P2,CYC_0195,LIFT,2,6.2
CYC_0195_P3,CYC_0195,SWING,3,6.2
CYC_0195_P4,CYC_0195,DUMP,4,6.14
CYC_0195_P5,CYC_0195,REPOSITION,5,8.8
CYC_0196_P1,CYC_0196,DIG,1,8.3
CYC_0196_P2,CYC_0196,LIFT,2,5.82
CYC_0196_P3,CYC_0196,SWING,3,6.88
CYC_0196_P4,CYC_0196,DUMP,4,5.95
CYC_0196_P5,CYC_0196,REPOSITION,5,8.77
CYC_0197_P1,CYC_0197,DIG,1,8.96
CYC_0197_P2,CYC_0197,LIFT,2,6.4
CYC_0197_P3,CYC_0197,SWING,3,7.76
CYC_0197_P4,CYC_0197,DUMP,4,5.36
CYC_0197_P5,CYC_0197,REPOSITION,5,12.4
CYC_0198_P1,CYC_0198,DIG,1,8.53
CYC_0198_P2,CYC_0198,LIFT,2,5.57
CYC_0198_P3,CYC_0198,SWING,3,6.26
CYC_0198_P4,CYC_0198,DUMP,4,5.65
CYC_0198_P5,CYC_0198,REPOSITION,5,8.64
CYC_0199_P1,CYC_0199,DIG,1,10.31
CYC_0199_P2,CYC_0199,LIFT,2,6.3
CYC_0199_P3,CYC_0199,SWING,3,7.61
CYC_0199_P4,CYC_0199,DUMP,4,5.04
CYC_0199_P5,CYC_0199,REPOSITION,5,10.98
CYC_0200_P1,CYC_0200,DIG,1,8.27
CYC_0200_P2,CYC_0200,LIFT,2,5.94
CYC_0200_P3,CYC_0200,SWING,3,6.59
CYC_0200_P4,CYC_0200,DUMP,4,5.84
CYC_0200_P5,CYC_0200,REPOSITION,5,8.92
CYC_0201_P1,CYC_0201,DIG,1,8.4
CYC_0201_P2,CYC_0201,LIFT,2,5.67
CYC_0201_P3,CYC_0201,SWING,3,6.85
CYC_0201_P4,CYC_0201,DUMP,4,5.2
CYC_0201_P5,CYC_0201,REPOSITION,5,8.72
CYC_0202_P1,CYC_0202,DIG,1,9.42
CYC_0202_P2,CYC_0202,LIFT,2,6.06
CYC_0202_P3,CYC_0202,SWING,3,5.52
CYC_0202_P4,CYC_0202,DUMP,4,5.94
CYC_0202_P5,CYC_0202,REPOSITION,5,12.33
CYC_0203_P1,CYC_0203,DIG,1,9.5
CYC_0203_P2,CYC_0203,LIFT,2,6.3
CYC_0203_P3,CYC_0203,SWING,3,8.63
CYC_0203_P4,CYC_0203,DUMP,4,5.06
CYC_0203_P5,CYC_0203,REPOSITION,5,8.73
CYC_0204_P1,CYC_0204,DIG,1,9.23
CYC_0204_P2,CYC_0204,LIFT,2,7.11
CYC_0204_P3,CYC_0204,SWING,3,5.65
CYC_0204_P4,CYC_0204,DUMP,4,5.73
CYC_0204_P5,CYC_0204,REPOSITION,5,9.88
CYC_0205_P1,CYC_0205,DIG,1,7.18
CYC_0205_P2,CYC_0205,LIFT,2,5.45
CYC_0205_P3,CYC_0205,SWING,3,7.82
CYC_0205_P4,CYC_0205,DUMP,4,5.8
CYC_0205_P5,CYC_0205,REPOSITION,5,11.08
CYC_0206_P1,CYC_0206,DIG,1,8.11
CYC_0206_P2,CYC_0206,LIFT,2,5.61
CYC_0206_P3,CYC_0206,SWING,3,7.14
CYC_0206_P4,CYC_0206,DUMP,4,5.85
CYC_0206_P5,CYC_0206,REPOSITION,5,8.65
CYC_0207_P1,CYC_0207,DIG,1,10.18
CYC_0207_P2,CYC_0207,LIFT,2,5.78
CYC_0207_P3,CYC_0207,SWING,3,7.3
CYC_0207_P4,CYC_0207,DUMP,4,5.62
CYC_0207_P5,CYC_0207,REPOSITION,5,8.8
CYC_0208_P1,CYC_0208,DIG,1,8.92
CYC_0208_P2,CYC_0208,LIFT,2,5.59
CYC_0208_P3,CYC_0208,SWING,3,6.47
CYC_0208_P4,CYC_0208,DUMP,4,5.68
CYC_0208_P5,CYC_0208,REPOSITION,5,7.4
CYC_0209_P1,CYC_0209,DIG,1,8.18
CYC_0209_P2,CYC_0209,LIFT,2,5.37
CYC_0209_P3,CYC_0209,SWING,3,6.87
CYC_0209_P4,CYC_0209,DUMP,4,5.63
CYC_0209_P5,CYC_0209,REPOSITION,5,9.5
CYC_0210_P1,CYC_0210,DIG,1,8.67
CYC_0210_P2,CYC_0210,LIFT,2,6.1
CYC_0210_P3,CYC_0210,SWING,3,6.64
CYC_0210_P4,CYC_0210,DUMP,4,5.83
CYC_0210_P5,CYC_0210,REPOSITION,5,7.77
CYC_0211_P1,CYC_0211,DIG,1,8.46
CYC_0211_P2,CYC_0211,LIFT,2,5.56
CYC_0211_P3,CYC_0211,SWING,3,6.54
CYC_0211_P4,CYC_0211,DUMP,4,6.57
CYC_0211_P5,CYC_0211,REPOSITION,5,13.15
CYC_0212_P1,CYC_0212,DIG,1,7.0
CYC_0212_P2,CYC_0212,LIFT,2,5.64
CYC_0212_P3,CYC_0212,SWING,3,6.51
CYC_0212_P4,CYC_0212,DUMP,4,5.97
CYC_0212_P5,CYC_0212,REPOSITION,5,9.53
CYC_0213_P1,CYC_0213,DIG,1,7.27
CYC_0213_P2,CYC_0213,LIFT,2,5.34
CYC_0213_P3,CYC_0213,SWING,3,7.14
CYC_0213_P4,CYC_0213,DUMP,4,5.19
CYC_0213_P5,CYC_0213,REPOSITION,5,11.81
CYC_0214_P1,CYC_0214,DIG,1,8.76
CYC_0214_P2,CYC_0214,LIFT,2,5.88
CYC_0214_P3,CYC_0214,SWING,3,6.89
CYC_0214_P4,CYC_0214,DUMP,4,5.48
CYC_0214_P5,CYC_0214,REPOSITION,5,9.27
CYC_0215_P1,CYC_0215,DIG,1,8.71
CYC_0215_P2,CYC_0215,LIFT,2,5.81
CYC_0215_P3,CYC_0215,SWING,3,6.55
CYC_0215_P4,CYC_0215,DUMP,4,5.49
CYC_0215_P5,CYC_0215,REPOSITION,5,8.72
CYC_0216_P1,CYC_0216,DIG,1,10.47
CYC_0216_P2,CYC_0216,LIFT,2,5.4
CYC_0216_P3,CYC_0216,SWING,3,7.39
CYC_0216_P4,CYC_0216,DUMP,4,4.2
CYC_0216_P5,CYC_0216,REPOSITION,5,12.36
CYC_0217_P1,CYC_0217,DIG,1,9.23
CYC_0217_P2,CYC_0217,LIFT,2,6.24
CYC_0217_P3,CYC_0217,SWING,3,7.57
CYC_0217_P4,CYC_0217,DUMP,4,5.8
CYC_0217_P5,CYC_0217,REPOSITION,5,11.45
CYC_0218_P1,CYC_0218,DIG,1,7.81
CYC_0218_P2,CYC_0218,LIFT,2,5.03
CYC_0218_P3,CYC_0218,SWING,3,6.14
CYC_0218_P4,CYC_0218,DUMP,4,5.32
CYC_0218_P5,CYC_0218,REPOSITION,5,8.51
CYC_0219_P1,CYC_0219,DIG,1,9.24
CYC_0219_P2,CYC_0219,LIFT,2,4.79
CYC_0219_P3,CYC_0219,SWING,3,6.79
CYC_0219_P4,CYC_0219,DUMP,4,5.29
CYC_0219_P5,CYC_0219,REPOSITION,5,11.01
CYC_0220_P1,CYC_0220,DIG,1,7.84
CYC_0220_P2,CYC_0220,LIFT,2,5.12
CYC_0220_P3,CYC_0220,SWING,3,7.28
CYC_0220_P4,CYC_0220,DUMP,4,5.79
CYC_0220_P5,CYC_0220,REPOSITION,5,12.77
CYC_0221_P1,CYC_0221,DIG,1,9.22
CYC_0221_P2,CYC_0221,LIFT,2,6.27
CYC_0221_P3,CYC_0221,SWING,3,6.67
CYC_0221_P4,CYC_0221,DUMP,4,5.58
CYC_0221_P5,CYC_0221,REPOSITION,5,12.35
CYC_0222_P1,CYC_0222,DIG,1,7.95
CYC_0222_P2,CYC_0222,LIFT,2,5.44
CYC_0222_P3,CYC_0222,SWING,3,6.21
CYC_0222_P4,CYC_0222,DUMP,4,5.51
CYC_0222_P5,CYC_0222,REPOSITION,5,8.61
CYC_0223_P1,CYC_0223,DIG,1,7.0
CYC_0223_P2,CYC_0223,LIFT,2,4.65
CYC_0223_P3,CYC_0223,SWING,3,5.74
CYC_0223_P4,CYC_0223,DUMP,4,6.04
CYC_0223_P5,CYC_0223,REPOSITION,5,12.29
CYC_0224_P1,CYC_0224,DIG,1,7.63
CYC_0224_P2,CYC_0224,LIFT,2,5.54
CYC_0224_P3,CYC_0224,SWING,3,6.15
CYC_0224_P4,CYC_0224,DUMP,4,5.55
CYC_0224_P5,CYC_0224,REPOSITION,5,8.24
CYC_0225_P1,CYC_0225,DIG,1,7.57
CYC_0225_P2,CYC_0225,LIFT,2,5.18
CYC_0225_P3,CYC_0225,SWING,3,6.02
CYC_0225_P4,CYC_0225,DUMP,4,5.43
CYC_0225_P5,CYC_0225,REPOSITION,5,7.83
CYC_0226_P1,CYC_0226,DIG,1,8.9
CYC_0226_P2,CYC_0226,LIFT,2,4.86
CYC_0226_P3,CYC_0226,SWING,3,7.21
CYC_0226_P4,CYC_0226,DUMP,4,5.9
CYC_0226_P5,CYC_0226,REPOSITION,5,13.11
CYC_0227_P1,CYC_0227,DIG,1,9.3
CYC_0227_P2,CYC_0227,LIFT,2,5.5
CYC_0227_P3,CYC_0227,SWING,3,6.1
CYC_0227_P4,CYC_0227,DUMP,4,6.02
CYC_0227_P5,CYC_0227,REPOSITION,5,8.79
CYC_0228_P1,CYC_0228,DIG,1,7.46
CYC_0228_P2,CYC_0228,LIFT,2,6.36
CYC_0228_P3,CYC_0228,SWING,3,6.77
CYC_0228_P4,CYC_0228,DUMP,4,6.09
CYC_0228_P5,CYC_0228,REPOSITION,5,10.07
CYC_0229_P1,CYC_0229,DIG,1,8.76
CYC_0229_P2,CYC_0229,LIFT,2,5.48
CYC_0229_P3,CYC_0229,SWING,3,7.28
CYC_0229_P4,CYC_0229,DUMP,4,5.82
CYC_0229_P5,CYC_0229,REPOSITION,5,9.76
CYC_0230_P1,CYC_0230,DIG,1,7.76
CYC_0230_P2,CYC_0230,LIFT,2,5.15
CYC_0230_P3,CYC_0230,SWING,3,6.22
CYC_0230_P4,CYC_0230,DUMP,4,5.66
CYC_0230_P5,CYC_0230,REPOSITION,5,8.09
CYC_0231_P1,CYC_0231,DIG,1,7.53
CYC_0231_P2,CYC_0231,LIFT,2,4.9
CYC_0231_P3,CYC_0231,SWING,3,6.61
CYC_0231_P4,CYC_0231,DUMP,4,5.78
CYC_0231_P5,CYC_0231,REPOSITION,5,8.97
CYC_0232_P1,CYC_0232,DIG,1,9.59
CYC_0232_P2,CYC_0232,LIFT,2,5.64
CYC_0232_P3,CYC_0232,SWING,3,6.88
CYC_0232_P4,CYC_0232,DUMP,4,5.3
CYC_0232_P5,CYC_0232,REPOSITION,5,10.48
CYC_0233_P1,CYC_0233,DIG,1,7.54
CYC_0233_P2,CYC_0233,LIFT,2,5.75
CYC_0233_P3,CYC_0233,SWING,3,6.48
CYC_0233_P4,CYC_0233,DUMP,4,5.53
CYC_0233_P5,CYC_0233,REPOSITION,5,9.17
CYC_0234_P1,CYC_0234,DIG,1,7.88
CYC_0234_P2,CYC_0234,LIFT,2,5.56
CYC_0234_P3,CYC_0234,SWING,3,6.15
CYC_0234_P4,CYC_0234,DUMP,4,5.41
CYC_0234_P5,CYC_0234,REPOSITION,5,8.65
CYC_0235_P1,CYC_0235,DIG,1,7.86
CYC_0235_P2,CYC_0235,LIFT,2,5.17
CYC_0235_P3,CYC_0235,SWING,3,6.04
CYC_0235_P4,CYC_0235,DUMP,4,5.57
CYC_0235_P5,CYC_0235,REPOSITION,5,7.28
CYC_0236_P1,CYC_0236,DIG,1,7.79
CYC_0236_P2,CYC_0236,LIFT,2,5.51
CYC_0236_P3,CYC_0236,SWING,3,6.17
CYC_0236_P4,CYC_0236,DUMP,4,5.74
CYC_0236_P5,CYC_0236,REPOSITION,5,8.94
CYC_0237_P1,CYC_0237,DIG,1,7.73
CYC_0237_P2,CYC_0237,LIFT,2,5.69
CYC_0237_P3,CYC_0237,SWING,3,6.4
CYC_0237_P4,CYC_0237,DUMP,4,5.61
CYC_0237_P5,CYC_0237,REPOSITION,5,8.41
CYC_0238_P1,CYC_0238,DIG,1,8.01
CYC_0238_P2,CYC_0238,LIFT,2,5.58
CYC_0238_P3,CYC_0238,SWING,3,7.86
CYC_0238_P4,CYC_0238,DUMP,4,5.62
CYC_0238_P5,CYC_0238,REPOSITION,5,14.04
CYC_0239_P1,CYC_0239,DIG,1,7.57
CYC_0239_P2,CYC_0239,LIFT,2,5.32
CYC_0239_P3,CYC_0239,SWING,3,6.09
CYC_0239_P4,CYC_0239,DUMP,4,5.74
CYC_0239_P5,CYC_0239,REPOSITION,5,6.91
CYC_0240_P1,CYC_0240,DIG,1,9.3
CYC_0240_P2,CYC_0240,LIFT,2,5.23
CYC_0240_P3,CYC_0240,SWING,3,6.49
CYC_0240_P4,CYC_0240,DUMP,4,6.09
CYC_0240_P5,CYC_0240,REPOSITION,5,8.76
CYC_0241_P1,CYC_0241,DIG,1,7.13
CYC_0241_P2,CYC_0241,LIFT,2,6.56
CYC_0241_P3,CYC_0241,SWING,3,7.77
CYC_0241_P4,CYC_0241,DUMP,4,5.74
CYC_0241_P5,CYC_0241,REPOSITION,5,12.34
CYC_0242_P1,CYC_0242,DIG,1,8.43
CYC_0242_P2,CYC_0242,LIFT,2,6.26
CYC_0242_P3,CYC_0242,SWING,3,6.31
CYC_0242_P4,CYC_0242,DUMP,4,7.21
CYC_0242_P5,CYC_0242,REPOSITION,5,10.62
CYC_0243_P1,CYC_0243,DIG,1,7.47
CYC_0243_P2,CYC_0243,LIFT,2,5.84
CYC_0243_P3,CYC_0243,SWING,3,6.89
CYC_0243_P4,CYC_0243,DUMP,4,5.53
CYC_0243_P5,CYC_0243,REPOSITION,5,13.51
CYC_0244_P1,CYC_0244,DIG,1,7.4
CYC_0244_P2,CYC_0244,LIFT,2,5.55
CYC_0244_P3,CYC_0244,SWING,3,6.44
CYC_0244_P4,CYC_0244,DUMP,4,5.59
CYC_0244_P5,CYC_0244,REPOSITION,5,7.37
CYC_0245_P1,CYC_0245,DIG,1,8.08
CYC_0245_P2,CYC_0245,LIFT,2,5.25
CYC_0245_P3,CYC_0245,SWING,3,6.29
CYC_0245_P4,CYC_0245,DUMP,4,5.63
CYC_0245_P5,CYC_0245,REPOSITION,5,9.42
CYC_0246_P1,CYC_0246,DIG,1,8.52
CYC_0246_P2,CYC_0246,LIFT,2,5.25
CYC_0246_P3,CYC_0246,SWING,3,6.31
CYC_0246_P4,CYC_0246,DUMP,4,5.61
CYC_0246_P5,CYC_0246,REPOSITION,5,11.23
CYC_0247_P1,CYC_0247,DIG,1,8.48
CYC_0247_P2,CYC_0247,LIFT,2,5.79
CYC_0247_P3,CYC_0247,SWING,3,6.75
CYC_0247_P4,CYC_0247,DUMP,4,6.1
CYC_0247_P5,CYC_0247,REPOSITION,5,8.55
CYC_0248_P1,CYC_0248,DIG,1,10.18
CYC_0248_P2,CYC_0248,LIFT,2,6.74
CYC_0248_P3,CYC_0248,SWING,3,7.74
CYC_0248_P4,CYC_0248,DUMP,4,5.42
CYC_0248_P5,CYC_0248,REPOSITION,5,8.47
CYC_0249_P1,CYC_0249,DIG,1,9.38
CYC_0249_P2,CYC_0249,LIFT,2,6.51
CYC_0249_P3,CYC_0249,SWING,3,7.47
CYC_0249_P4,CYC_0249,DUMP,4,5.45
CYC_0249_P5,CYC_0249,REPOSITION,5,8.48
CYC_0250_P1,CYC_0250,DIG,1,10.58
CYC_0250_P2,CYC_0250,LIFT,2,7.0
CYC_0250_P3,CYC_0250,SWING,3,8.24
CYC_0250_P4,CYC_0250,DUMP,4,4.79
CYC_0250_P5,CYC_0250,REPOSITION,5,9.94
CYC_0251_P1,CYC_0251,DIG,1,10.08
CYC_0251_P2,CYC_0251,LIFT,2,6.33
CYC_0251_P3,CYC_0251,SWING,3,7.37
CYC_0251_P4,CYC_0251,DUMP,4,5.75
CYC_0251_P5,CYC_0251,REPOSITION,5,8.41
CYC_0252_P1,CYC_0252,DIG,1,10.6
CYC_0252_P2,CYC_0252,LIFT,2,6.88
CYC_0252_P3,CYC_0252,SWING,3,8.73
CYC_0252_P4,CYC_0252,DUMP,4,6.78
CYC_0252_P5,CYC_0252,REPOSITION,5,10.21
CYC_0253_P1,CYC_0253,DIG,1,9.44
CYC_0253_P2,CYC_0253,LIFT,2,6.18
CYC_0253_P3,CYC_0253,SWING,3,7.75
CYC_0253_P4,CYC_0253,DUMP,4,5.57
CYC_0253_P5,CYC_0253,REPOSITION,5,8.53
CYC_0254_P1,CYC_0254,DIG,1,8.85
CYC_0254_P2,CYC_0254,LIFT,2,6.58
CYC_0254_P3,CYC_0254,SWING,3,7.82
CYC_0254_P4,CYC_0254,DUMP,4,5.63
CYC_0254_P5,CYC_0254,REPOSITION,5,7.64
CYC_0255_P1,CYC_0255,DIG,1,9.57
CYC_0255_P2,CYC_0255,LIFT,2,6.66
CYC_0255_P3,CYC_0255,SWING,3,7.74
CYC_0255_P4,CYC_0255,DUMP,4,5.62
CYC_0255_P5,CYC_0255,REPOSITION,5,8.93
CYC_0256_P1,CYC_0256,DIG,1,9.6
CYC_0256_P2,CYC_0256,LIFT,2,6.46
CYC_0256_P3,CYC_0256,SWING,3,7.54
CYC_0256_P4,CYC_0256,DUMP,4,5.54
CYC_0256_P5,CYC_0256,REPOSITION,5,8.43
CYC_0257_P1,CYC_0257,DIG,1,9.13
CYC_0257_P2,CYC_0257,LIFT,2,6.44
CYC_0257_P3,CYC_0257,SWING,3,7.43
CYC_0257_P4,CYC_0257,DUMP,4,5.39
CYC_0257_P5,CYC_0257,REPOSITION,5,8.9
CYC_0258_P1,CYC_0258,DIG,1,8.39
CYC_0258_P2,CYC_0258,LIFT,2,5.87
CYC_0258_P3,CYC_0258,SWING,3,8.24
CYC_0258_P4,CYC_0258,DUMP,4,5.95
CYC_0258_P5,CYC_0258,REPOSITION,5,13.78
CYC_0259_P1,CYC_0259,DIG,1,9.16
CYC_0259_P2,CYC_0259,LIFT,2,6.57
CYC_0259_P3,CYC_0259,SWING,3,7.74
CYC_0259_P4,CYC_0259,DUMP,4,5.41
CYC_0259_P5,CYC_0259,REPOSITION,5,14.31
CYC_0260_P1,CYC_0260,DIG,1,9.24
CYC_0260_P2,CYC_0260,LIFT,2,6.75
CYC_0260_P3,CYC_0260,SWING,3,6.23
CYC_0260_P4,CYC_0260,DUMP,4,5.34
CYC_0260_P5,CYC_0260,REPOSITION,5,9.73
CYC_0261_P1,CYC_0261,DIG,1,9.26
CYC_0261_P2,CYC_0261,LIFT,2,7.33
CYC_0261_P3,CYC_0261,SWING,3,7.54
CYC_0261_P4,CYC_0261,DUMP,4,6.53
CYC_0261_P5,CYC_0261,REPOSITION,5,11.08
CYC_0262_P1,CYC_0262,DIG,1,8.9
CYC_0262_P2,CYC_0262,LIFT,2,5.99
CYC_0262_P3,CYC_0262,SWING,3,6.87
CYC_0262_P4,CYC_0262,DUMP,4,6.11
CYC_0262_P5,CYC_0262,REPOSITION,5,9.08
CYC_0263_P1,CYC_0263,DIG,1,7.0
CYC_0263_P2,CYC_0263,LIFT,2,5.51
CYC_0263_P3,CYC_0263,SWING,3,5.6
CYC_0263_P4,CYC_0263,DUMP,4,5.32
CYC_0263_P5,CYC_0263,REPOSITION,5,10.02
CYC_0264_P1,CYC_0264,DIG,1,8.31
CYC_0264_P2,CYC_0264,LIFT,2,5.71
CYC_0264_P3,CYC_0264,SWING,3,6.78
CYC_0264_P4,CYC_0264,DUMP,4,5.62
CYC_0264_P5,CYC_0264,REPOSITION,5,8.79
CYC_0265_P1,CYC_0265,DIG,1,8.9
CYC_0265_P2,CYC_0265,LIFT,2,5.57
CYC_0265_P3,CYC_0265,SWING,3,6.24
CYC_0265_P4,CYC_0265,DUMP,4,5.7
CYC_0265_P5,CYC_0265,REPOSITION,5,9.4
CYC_0266_P1,CYC_0266,DIG,1,8.99
CYC_0266_P2,CYC_0266,LIFT,2,5.85
CYC_0266_P3,CYC_0266,SWING,3,6.57
CYC_0266_P4,CYC_0266,DUMP,4,5.68
CYC_0266_P5,CYC_0266,REPOSITION,5,9.04
CYC_0267_P1,CYC_0267,DIG,1,8.15
CYC_0267_P2,CYC_0267,LIFT,2,6.94
CYC_0267_P3,CYC_0267,SWING,3,7.03
CYC_0267_P4,CYC_0267,DUMP,4,4.78
CYC_0267_P5,CYC_0267,REPOSITION,5,11.22
CYC_0268_P1,CYC_0268,DIG,1,8.7
CYC_0268_P2,CYC_0268,LIFT,2,6.1
CYC_0268_P3,CYC_0268,SWING,3,6.73
CYC_0268_P4,CYC_0268,DUMP,4,5.22
CYC_0268_P5,CYC_0268,REPOSITION,5,12.0
CYC_0269_P1,CYC_0269,DIG,1,8.84
CYC_0269_P2,CYC_0269,LIFT,2,5.36
CYC_0269_P3,CYC_0269,SWING,3,7.14
CYC_0269_P4,CYC_0269,DUMP,4,5.88
CYC_0269_P5,CYC_0269,REPOSITION,5,11.36
CYC_0270_P1,CYC_0270,DIG,1,8.77
CYC_0270_P2,CYC_0270,LIFT,2,5.67
CYC_0270_P3,CYC_0270,SWING,3,6.95
CYC_0270_P4,CYC_0270,DUMP,4,5.9
CYC_0270_P5,CYC_0270,REPOSITION,5,8.25
CYC_0271_P1,CYC_0271,DIG,1,7.68
CYC_0271_P2,CYC_0271,LIFT,2,6.5
CYC_0271_P3,CYC_0271,SWING,3,7.04
CYC_0271_P4,CYC_0271,DUMP,4,5.84
CYC_0271_P5,CYC_0271,REPOSITION,5,14.12
CYC_0272_P1,CYC_0272,DIG,1,8.24
CYC_0272_P2,CYC_0272,LIFT,2,6.06
CYC_0272_P3,CYC_0272,SWING,3,6.89
CYC_0272_P4,CYC_0272,DUMP,4,5.52
CYC_0272_P5,CYC_0272,REPOSITION,5,9.53
CYC_0273_P1,CYC_0273,DIG,1,8.76
CYC_0273_P2,CYC_0273,LIFT,2,5.04
CYC_0273_P3,CYC_0273,SWING,3,6.72
CYC_0273_P4,CYC_0273,DUMP,4,5.66
CYC_0273_P5,CYC_0273,REPOSITION,5,9.18
CYC_0274_P1,CYC_0274,DIG,1,7.93
CYC_0274_P2,CYC_0274,LIFT,2,6.01
CYC_0274_P3,CYC_0274,SWING,3,6.95
CYC_0274_P4,CYC_0274,DUMP,4,5.95
CYC_0274_P5,CYC_0274,REPOSITION,5,8.7
CYC_0275_P1,CYC_0275,DIG,1,9.06
CYC_0275_P2,CYC_0275,LIFT,2,5.81
CYC_0275_P3,CYC_0275,SWING,3,6.81
CYC_0275_P4,CYC_0275,DUMP,4,5.56
CYC_0275_P5,CYC_0275,REPOSITION,5,8.76
CYC_0276_P1,CYC_0276,DIG,1,10.31
CYC_0276_P2,CYC_0276,LIFT,2,6.02
CYC_0276_P3,CYC_0276,SWING,3,6.44
CYC_0276_P4,CYC_0276,DUMP,4,6.57
CYC_0276_P5,CYC_0276,REPOSITION,5,12.41
CYC_0277_P1,CYC_0277,DIG,1,9.47
CYC_0277_P2,CYC_0277,LIFT,2,6.08
CYC_0277_P3,CYC_0277,SWING,3,7.41
CYC_0277_P4,CYC_0277,DUMP,4,6.02
CYC_0277_P5,CYC_0277,REPOSITION,5,11.87
CYC_0278_P1,CYC_0278,DIG,1,8.28
CYC_0278_P2,CYC_0278,LIFT,2,5.89
CYC_0278_P3,CYC_0278,SWING,3,6.82
CYC_0278_P4,CYC_0278,DUMP,4,5.48
CYC_0278_P5,CYC_0278,REPOSITION,5,8.91
CYC_0279_P1,CYC_0279,DIG,1,8.86
CYC_0279_P2,CYC_0279,LIFT,2,5.35
CYC_0279_P3,CYC_0279,SWING,3,6.56
CYC_0279_P4,CYC_0279,DUMP,4,5.06
CYC_0279_P5,CYC_0279,REPOSITION,5,10.94
CYC_0280_P1,CYC_0280,DIG,1,8.45
CYC_0280_P2,CYC_0280,LIFT,2,6.75
CYC_0280_P3,CYC_0280,SWING,3,7.48
CYC_0280_P4,CYC_0280,DUMP,4,5.99
CYC_0280_P5,CYC_0280,REPOSITION,5,12.67
CYC_0281_P1,CYC_0281,DIG,1,8.15
CYC_0281_P2,CYC_0281,LIFT,2,5.89
CYC_0281_P3,CYC_0281,SWING,3,6.57
CYC_0281_P4,CYC_0281,DUMP,4,5.61
CYC_0281_P5,CYC_0281,REPOSITION,5,8.53
CYC_0282_P1,CYC_0282,DIG,1,9.62
CYC_0282_P2,CYC_0282,LIFT,2,5.04
CYC_0282_P3,CYC_0282,SWING,3,6.02
CYC_0282_P4,CYC_0282,DUMP,4,5.72
CYC_0282_P5,CYC_0282,REPOSITION,5,11.88
CYC_0283_P1,CYC_0283,DIG,1,10.25
CYC_0283_P2,CYC_0283,LIFT,2,6.41
CYC_0283_P3,CYC_0283,SWING,3,7.39
CYC_0283_P4,CYC_0283,DUMP,4,5.75
CYC_0283_P5,CYC_0283,REPOSITION,5,9.71
CYC_0284_P1,CYC_0284,DIG,1,12.26
CYC_0284_P2,CYC_0284,LIFT,2,7.43
CYC_0284_P3,CYC_0284,SWING,3,8.04
CYC_0284_P4,CYC_0284,DUMP,4,6.19
CYC_0284_P5,CYC_0284,REPOSITION,5,11.39
CYC_0285_P1,CYC_0285,DIG,1,10.98
CYC_0285_P2,CYC_0285,LIFT,2,6.18
CYC_0285_P3,CYC_0285,SWING,3,7.05
CYC_0285_P4,CYC_0285,DUMP,4,5.27
CYC_0285_P5,CYC_0285,REPOSITION,5,10.16
CYC_0286_P1,CYC_0286,DIG,1,10.73
CYC_0286_P2,CYC_0286,LIFT,2,6.7
CYC_0286_P3,CYC_0286,SWING,3,7.39
CYC_0286_P4,CYC_0286,DUMP,4,5.05
CYC_0286_P5,CYC_0286,REPOSITION,5,14.02
CYC_0287_P1,CYC_0287,DIG,1,11.73
CYC_0287_P2,CYC_0287,LIFT,2,6.78
CYC_0287_P3,CYC_0287,SWING,3,7.47
CYC_0287_P4,CYC_0287,DUMP,4,5.15
CYC_0287_P5,CYC_0287,REPOSITION,5,12.72
CYC_0288_P1,CYC_0288,DIG,1,11.26
CYC_0288_P2,CYC_0288,LIFT,2,5.28
CYC_0288_P3,CYC_0288,SWING,3,7.2
CYC_0288_P4,CYC_0288,DUMP,4,7.33
CYC_0288_P5,CYC_0288,REPOSITION,5,10.11
CYC_0289_P1,CYC_0289,DIG,1,10.71
CYC_0289_P2,CYC_0289,LIFT,2,6.61
CYC_0289_P3,CYC_0289,SWING,3,7.49
CYC_0289_P4,CYC_0289,DUMP,4,4.88
CYC_0289_P5,CYC_0289,REPOSITION,5,9.36
CYC_0290_P1,CYC_0290,DIG,1,11.3
CYC_0290_P2,CYC_0290,LIFT,2,6.61
CYC_0290_P3,CYC_0290,SWING,3,7.55
CYC_0290_P4,CYC_0290,DUMP,4,4.97
CYC_0290_P5,CYC_0290,REPOSITION,5,9.34
CYC_0291_P1,CYC_0291,DIG,1,11.01
CYC_0291_P2,CYC_0291,LIFT,2,8.08
CYC_0291_P3,CYC_0291,SWING,3,7.79
CYC_0291_P4,CYC_0291,DUMP,4,5.18
CYC_0291_P5,CYC_0291,REPOSITION,5,10.97
CYC_0292_P1,CYC_0292,DIG,1,11.25
CYC_0292_P2,CYC_0292,LIFT,2,8.09
CYC_0292_P3,CYC_0292,SWING,3,7.45
CYC_0292_P4,CYC_0292,DUMP,4,6.32
CYC_0292_P5,CYC_0292,REPOSITION,5,10.13
CYC_0293_P1,CYC_0293,DIG,1,9.88
CYC_0293_P2,CYC_0293,LIFT,2,6.92
CYC_0293_P3,CYC_0293,SWING,3,6.29
CYC_0293_P4,CYC_0293,DUMP,4,5.8
CYC_0293_P5,CYC_0293,REPOSITION,5,9.04
CYC_0294_P1,CYC_0294,DIG,1,9.53
CYC_0294_P2,CYC_0294,LIFT,2,6.6
CYC_0294_P3,CYC_0294,SWING,3,6.31
CYC_0294_P4,CYC_0294,DUMP,4,5.42
CYC_0294_P5,CYC_0294,REPOSITION,5,8.62
CYC_0295_P1,CYC_0295,DIG,1,9.71
CYC_0295_P2,CYC_0295,LIFT,2,6.99
CYC_0295_P3,CYC_0295,SWING,3,5.93
CYC_0295_P4,CYC_0295,DUMP,4,5.29
CYC_0295_P5,CYC_0295,REPOSITION,5,8.56
CYC_0296_P1,CYC_0296,DIG,1,9.17
CYC_0296_P2,CYC_0296,LIFT,2,6.63
CYC_0296_P3,CYC_0296,SWING,3,6.62
CYC_0296_P4,CYC_0296,DUMP,4,5.81
CYC_0296_P5,CYC_0296,REPOSITION,5,8.19
CYC_0297_P1,CYC_0297,DIG,1,8.69
CYC_0297_P2,CYC_0297,LIFT,2,6.47
CYC_0297_P3,CYC_0297,SWING,3,8.58
CYC_0297_P4,CYC_0297,DUMP,4,6.5
CYC_0297_P5,CYC_0297,REPOSITION,5,13.19
CYC_0298_P1,CYC_0298,DIG,1,9.7
CYC_0298_P2,CYC_0298,LIFT,2,6.46
CYC_0298_P3,CYC_0298,SWING,3,6.24
CYC_0298_P4,CYC_0298,DUMP,4,5.38
CYC_0298_P5,CYC_0298,REPOSITION,5,9.33
CYC_0299_P1,CYC_0299,DIG,1,8.23
CYC_0299_P2,CYC_0299,LIFT,2,6.63
CYC_0299_P3,CYC_0299,SWING,3,9.02
CYC_0299_P4,CYC_0299,DUMP,4,6.5
CYC_0299_P5,CYC_0299,REPOSITION,5,12.69
CYC_0300_P1,CYC_0300,DIG,1,9.14
CYC_0300_P2,CYC_0300,LIFT,2,6.96
CYC_0300_P3,CYC_0300,SWING,3,8.04
CYC_0300_P4,CYC_0300,DUMP,4,6.06
CYC_0300_P5,CYC_0300,REPOSITION,5,10.1
CYC_0301_P1,CYC_0301,DIG,1,10.33
CYC_0301_P2,CYC_0301,LIFT,2,6.38
CYC_0301_P3,CYC_0301,SWING,3,6.28
CYC_0301_P4,CYC_0301,DUMP,4,5.95
CYC_0301_P5,CYC_0301,REPOSITION,5,8.96
CYC_0302_P1,CYC_0302,DIG,1,11.19
CYC_0302_P2,CYC_0302,LIFT,2,7.32
CYC_0302_P3,CYC_0302,SWING,3,8.93
CYC_0302_P4,CYC_0302,DUMP,4,5.48
CYC_0302_P5,CYC_0302,REPOSITION,5,13.49
CYC_0303_P1,CYC_0303,DIG,1,9.67
CYC_0303_P2,CYC_0303,LIFT,2,6.41
CYC_0303_P3,CYC_0303,SWING,3,6.3
CYC_0303_P4,CYC_0303,DUMP,4,5.28
CYC_0303_P5,CYC_0303,REPOSITION,5,9.45
CYC_0304_P1,CYC_0304,DIG,1,10.16
CYC_0304_P2,CYC_0304,LIFT,2,5.95
CYC_0304_P3,CYC_0304,SWING,3,6.54
CYC_0304_P4,CYC_0304,DUMP,4,5.47
CYC_0304_P5,CYC_0304,REPOSITION,5,9.19
CYC_0305_P1,CYC_0305,DIG,1,10.25
CYC_0305_P2,CYC_0305,LIFT,2,5.33
CYC_0305_P3,CYC_0305,SWING,3,6.65
CYC_0305_P4,CYC_0305,DUMP,4,5.48
CYC_0305_P5,CYC_0305,REPOSITION,5,9.85
CYC_0306_P1,CYC_0306,DIG,1,11.06
CYC_0306_P2,CYC_0306,LIFT,2,5.57
CYC_0306_P3,CYC_0306,SWING,3,7.18
CYC_0306_P4,CYC_0306,DUMP,4,5.68
CYC_0306_P5,CYC_0306,REPOSITION,5,10.21
CYC_0307_P1,CYC_0307,DIG,1,10.78
CYC_0307_P2,CYC_0307,LIFT,2,6.21
CYC_0307_P3,CYC_0307,SWING,3,6.67
CYC_0307_P4,CYC_0307,DUMP,4,5.75
CYC_0307_P5,CYC_0307,REPOSITION,5,12.65
CYC_0308_P1,CYC_0308,DIG,1,9.76
CYC_0308_P2,CYC_0308,LIFT,2,5.71
CYC_0308_P3,CYC_0308,SWING,3,7.04
CYC_0308_P4,CYC_0308,DUMP,4,5.73
CYC_0308_P5,CYC_0308,REPOSITION,5,9.22
CYC_0309_P1,CYC_0309,DIG,1,10.01
CYC_0309_P2,CYC_0309,LIFT,2,5.82
CYC_0309_P3,CYC_0309,SWING,3,6.56
CYC_0309_P4,CYC_0309,DUMP,4,5.56
CYC_0309_P5,CYC_0309,REPOSITION,5,9.98
CYC_0310_P1,CYC_0310,DIG,1,10.28
CYC_0310_P2,CYC_0310,LIFT,2,5.9
CYC_0310_P3,CYC_0310,SWING,3,6.59
CYC_0310_P4,CYC_0310,DUMP,4,5.38
CYC_0310_P5,CYC_0310,REPOSITION,5,10.93
CYC_0311_P1,CYC_0311,DIG,1,10.01
CYC_0311_P2,CYC_0311,LIFT,2,5.87
CYC_0311_P3,CYC_0311,SWING,3,6.68
CYC_0311_P4,CYC_0311,DUMP,4,5.95
CYC_0311_P5,CYC_0311,REPOSITION,5,9.66
CYC_0312_P1,CYC_0312,DIG,1,9.53
CYC_0312_P2,CYC_0312,LIFT,2,5.97
CYC_0312_P3,CYC_0312,SWING,3,6.64
CYC_0312_P4,CYC_0312,DUMP,4,5.66
CYC_0312_P5,CYC_0312,REPOSITION,5,8.74
CYC_0313_P1,CYC_0313,DIG,1,9.55
CYC_0313_P2,CYC_0313,LIFT,2,5.45
CYC_0313_P3,CYC_0313,SWING,3,6.89
CYC_0313_P4,CYC_0313,DUMP,4,5.52
CYC_0313_P5,CYC_0313,REPOSITION,5,9.67
CYC_0314_P1,CYC_0314,DIG,1,9.08
CYC_0314_P2,CYC_0314,LIFT,2,4.84
CYC_0314_P3,CYC_0314,SWING,3,7.53
CYC_0314_P4,CYC_0314,DUMP,4,5.89
CYC_0314_P5,CYC_0314,REPOSITION,5,12.04
CYC_0315_P1,CYC_0315,DIG,1,11.37
CYC_0315_P2,CYC_0315,LIFT,2,6.54
CYC_0315_P3,CYC_0315,SWING,3,7.85
CYC_0315_P4,CYC_0315,DUMP,4,5.2
CYC_0315_P5,CYC_0315,REPOSITION,5,10.21
CYC_0316_P1,CYC_0316,DIG,1,10.53
CYC_0316_P2,CYC_0316,LIFT,2,6.62
CYC_0316_P3,CYC_0316,SWING,3,7.32
CYC_0316_P4,CYC_0316,DUMP,4,5.74
CYC_0316_P5,CYC_0316,REPOSITION,5,9.57
CYC_0317_P1,CYC_0317,DIG,1,9.02
CYC_0317_P2,CYC_0317,LIFT,2,7.89
CYC_0317_P3,CYC_0317,SWING,3,5.2
CYC_0317_P4,CYC_0317,DUMP,4,5.94
CYC_0317_P5,CYC_0317,REPOSITION,5,15.67
CYC_0318_P1,CYC_0318,DIG,1,10.64
CYC_0318_P2,CYC_0318,LIFT,2,6.41
CYC_0318_P3,CYC_0318,SWING,3,7.65
CYC_0318_P4,CYC_0318,DUMP,4,5.72
CYC_0318_P5,CYC_0318,REPOSITION,5,8.85
CYC_0319_P1,CYC_0319,DIG,1,11.15
CYC_0319_P2,CYC_0319,LIFT,2,6.43
CYC_0319_P3,CYC_0319,SWING,3,7.96
CYC_0319_P4,CYC_0319,DUMP,4,5.44
CYC_0319_P5,CYC_0319,REPOSITION,5,10.22
CYC_0320_P1,CYC_0320,DIG,1,9.96
CYC_0320_P2,CYC_0320,LIFT,2,6.24
CYC_0320_P3,CYC_0320,SWING,3,7.1
CYC_0320_P4,CYC_0320,DUMP,4,5.6
CYC_0320_P5,CYC_0320,REPOSITION,5,8.8
CYC_0321_P1,CYC_0321,DIG,1,10.91
CYC_0321_P2,CYC_0321,LIFT,2,6.52
CYC_0321_P3,CYC_0321,SWING,3,7.92
CYC_0321_P4,CYC_0321,DUMP,4,5.7
CYC_0321_P5,CYC_0321,REPOSITION,5,8.97
CYC_0322_P1,CYC_0322,DIG,1,8.88
CYC_0322_P2,CYC_0322,LIFT,2,6.1
CYC_0322_P3,CYC_0322,SWING,3,6.24
CYC_0322_P4,CYC_0322,DUMP,4,5.13
CYC_0322_P5,CYC_0322,REPOSITION,5,12.69
CYC_0323_P1,CYC_0323,DIG,1,11.65
CYC_0323_P2,CYC_0323,LIFT,2,6.44
CYC_0323_P3,CYC_0323,SWING,3,5.2
CYC_0323_P4,CYC_0323,DUMP,4,6.5
CYC_0323_P5,CYC_0323,REPOSITION,5,8.8
CYC_0324_P1,CYC_0324,DIG,1,11.15
CYC_0324_P2,CYC_0324,LIFT,2,6.67
CYC_0324_P3,CYC_0324,SWING,3,5.92
CYC_0324_P4,CYC_0324,DUMP,4,5.85
CYC_0324_P5,CYC_0324,REPOSITION,5,9.12
CYC_0325_P1,CYC_0325,DIG,1,10.94
CYC_0325_P2,CYC_0325,LIFT,2,6.66
CYC_0325_P3,CYC_0325,SWING,3,5.82
CYC_0325_P4,CYC_0325,DUMP,4,5.67
CYC_0325_P5,CYC_0325,REPOSITION,5,7.68
CYC_0326_P1,CYC_0326,DIG,1,11.29
CYC_0326_P2,CYC_0326,LIFT,2,6.64
CYC_0326_P3,CYC_0326,SWING,3,6.19
CYC_0326_P4,CYC_0326,DUMP,4,5.57
CYC_0326_P5,CYC_0326,REPOSITION,5,9.68
CYC_0327_P1,CYC_0327,DIG,1,10.98
CYC_0327_P2,CYC_0327,LIFT,2,6.66
CYC_0327_P3,CYC_0327,SWING,3,5.97
CYC_0327_P4,CYC_0327,DUMP,4,5.28
CYC_0327_P5,CYC_0327,REPOSITION,5,8.64
CYC_0328_P1,CYC_0328,DIG,1,10.98
CYC_0328_P2,CYC_0328,LIFT,2,5.91
CYC_0328_P3,CYC_0328,SWING,3,6.52
CYC_0328_P4,CYC_0328,DUMP,4,5.69
CYC_0328_P5,CYC_0328,REPOSITION,5,8.93
CYC_0329_P1,CYC_0329,DIG,1,10.83
CYC_0329_P2,CYC_0329,LIFT,2,6.59
CYC_0329_P3,CYC_0329,SWING,3,6.12
CYC_0329_P4,CYC_0329,DUMP,4,5.37
CYC_0329_P5,CYC_0329,REPOSITION,5,8.66
CYC_0330_P1,CYC_0330,DIG,1,11.63
CYC_0330_P2,CYC_0330,LIFT,2,6.68
CYC_0330_P3,CYC_0330,SWING,3,6.21
CYC_0330_P4,CYC_0330,DUMP,4,5.8
CYC_0330_P5,CYC_0330,REPOSITION,5,7.66
CYC_0331_P1,CYC_0331,DIG,1,10.74
CYC_0331_P2,CYC_0331,LIFT,2,6.99
CYC_0331_P3,CYC_0331,SWING,3,6.35
CYC_0331_P4,CYC_0331,DUMP,4,6.01
CYC_0331_P5,CYC_0331,REPOSITION,5,8.89
CYC_0332_P1,CYC_0332,DIG,1,10.87
CYC_0332_P2,CYC_0332,LIFT,2,6.65
CYC_0332_P3,CYC_0332,SWING,3,6.43
CYC_0332_P4,CYC_0332,DUMP,4,5.25
CYC_0332_P5,CYC_0332,REPOSITION,5,7.44
CYC_0333_P1,CYC_0333,DIG,1,11.17
CYC_0333_P2,CYC_0333,LIFT,2,6.38
CYC_0333_P3,CYC_0333,SWING,3,6.43
CYC_0333_P4,CYC_0333,DUMP,4,5.9
CYC_0333_P5,CYC_0333,REPOSITION,5,9.49
CYC_0334_P1,CYC_0334,DIG,1,10.92
CYC_0334_P2,CYC_0334,LIFT,2,6.97
CYC_0334_P3,CYC_0334,SWING,3,5.96
CYC_0334_P4,CYC_0334,DUMP,4,5.65
CYC_0334_P5,CYC_0334,REPOSITION,5,8.5
CYC_0335_P1,CYC_0335,DIG,1,11.45
CYC_0335_P2,CYC_0335,LIFT,2,6.35
CYC_0335_P3,CYC_0335,SWING,3,6.01
CYC_0335_P4,CYC_0335,DUMP,4,5.12
CYC_0335_P5,CYC_0335,REPOSITION,5,9.49
CYC_0336_P1,CYC_0336,DIG,1,10.79
CYC_0336_P2,CYC_0336,LIFT,2,6.52
CYC_0336_P3,CYC_0336,SWING,3,6.27
CYC_0336_P4,CYC_0336,DUMP,4,5.58
CYC_0336_P5,CYC_0336,REPOSITION,5,8.24
CYC_0337_P1,CYC_0337,DIG,1,10.86
CYC_0337_P2,CYC_0337,LIFT,2,6.67
CYC_0337_P3,CYC_0337,SWING,3,6.46
CYC_0337_P4,CYC_0337,DUMP,4,5.72
CYC_0337_P5,CYC_0337,REPOSITION,5,9.46
CYC_0338_P1,CYC_0338,DIG,1,11.42
CYC_0338_P2,CYC_0338,LIFT,2,6.1
CYC_0338_P3,CYC_0338,SWING,3,5.91
CYC_0338_P4,CYC_0338,DUMP,4,5.48
CYC_0338_P5,CYC_0338,REPOSITION,5,9.15
CYC_0339_P1,CYC_0339,DIG,1,10.8
CYC_0339_P2,CYC_0339,LIFT,2,6.53
CYC_0339_P3,CYC_0339,SWING,3,6.46
CYC_0339_P4,CYC_0339,DUMP,4,4.95
CYC_0339_P5,CYC_0339,REPOSITION,5,9.5
CYC_0340_P1,CYC_0340,DIG,1,11.31
CYC_0340_P2,CYC_0340,LIFT,2,6.7
CYC_0340_P3,CYC_0340,SWING,3,6.19
CYC_0340_P4,CYC_0340,DUMP,4,6.21
CYC_0340_P5,CYC_0340,REPOSITION,5,9.02
CYC_0341_P1,CYC_0341,DIG,1,11.23
CYC_0341_P2,CYC_0341,LIFT,2,6.43
CYC_0341_P3,CYC_0341,SWING,3,6.06
CYC_0341_P4,CYC_0341,DUMP,4,5.79
CYC_0341_P5,CYC_0341,REPOSITION,5,8.81
CYC_0342_P1,CYC_0342,DIG,1,11.04
CYC_0342_P2,CYC_0342,LIFT,2,6.23
CYC_0342_P3,CYC_0342,SWING,3,6.2
CYC_0342_P4,CYC_0342,DUMP,4,5.62
CYC_0342_P5,CYC_0342,REPOSITION,5,8.95
CYC_0343_P1,CYC_0343,DIG,1,10.95
CYC_0343_P2,CYC_0343,LIFT,2,6.52
CYC_0343_P3,CYC_0343,SWING,3,6.15
CYC_0343_P4,CYC_0343,DUMP,4,5.86
CYC_0343_P5,CYC_0343,REPOSITION,5,9.83
CYC_0344_P1,CYC_0344,DIG,1,10.77
CYC_0344_P2,CYC_0344,LIFT,2,6.55
CYC_0344_P3,CYC_0344,SWING,3,6.55
CYC_0344_P4,CYC_0344,DUMP,4,5.41
CYC_0344_P5,CYC_0344,REPOSITION,5,9.81
CYC_0345_P1,CYC_0345,DIG,1,11.81
CYC_0345_P2,CYC_0345,LIFT,2,6.47
CYC_0345_P3,CYC_0345,SWING,3,6.12
CYC_0345_P4,CYC_0345,DUMP,4,5.45
CYC_0345_P5,CYC_0345,REPOSITION,5,9.17
CYC_0346_P1,CYC_0346,DIG,1,10.68
CYC_0346_P2,CYC_0346,LIFT,2,6.63
CYC_0346_P3,CYC_0346,SWING,3,8.08
CYC_0346_P4,CYC_0346,DUMP,4,5.76
CYC_0346_P5,CYC_0346,REPOSITION,5,9.33
CYC_0347_P1,CYC_0347,DIG,1,11.51
CYC_0347_P2,CYC_0347,LIFT,2,6.34
CYC_0347_P3,CYC_0347,SWING,3,6.91
CYC_0347_P4,CYC_0347,DUMP,4,6.52
CYC_0347_P5,CYC_0347,REPOSITION,5,11.21
CYC_0348_P1,CYC_0348,DIG,1,12.25
CYC_0348_P2,CYC_0348,LIFT,2,6.67
CYC_0348_P3,CYC_0348,SWING,3,7.53
CYC_0348_P4,CYC_0348,DUMP,4,5.29
CYC_0348_P5,CYC_0348,REPOSITION,5,11.75
CYC_0349_P1,CYC_0349,DIG,1,11.39
CYC_0349_P2,CYC_0349,LIFT,2,7.18
CYC_0349_P3,CYC_0349,SWING,3,8.78
CYC_0349_P4,CYC_0349,DUMP,4,6.01
CYC_0349_P5,CYC_0349,REPOSITION,5,10.51
CYC_0350_P1,CYC_0350,DIG,1,11.61
CYC_0350_P2,CYC_0350,LIFT,2,6.02
CYC_0350_P3,CYC_0350,SWING,3,8.35
CYC_0350_P4,CYC_0350,DUMP,4,5.8
CYC_0350_P5,CYC_0350,REPOSITION,5,11.3
CYC_0351_P1,CYC_0351,DIG,1,11.06
CYC_0351_P2,CYC_0351,LIFT,2,6.88
CYC_0351_P3,CYC_0351,SWING,3,9.08
CYC_0351_P4,CYC_0351,DUMP,4,5.44
CYC_0351_P5,CYC_0351,REPOSITION,5,10.63
CYC_0352_P1,CYC_0352,DIG,1,11.83
CYC_0352_P2,CYC_0352,LIFT,2,6.62
CYC_0352_P3,CYC_0352,SWING,3,6.68
CYC_0352_P4,CYC_0352,DUMP,4,6.09
CYC_0352_P5,CYC_0352,REPOSITION,5,12.57
CYC_0353_P1,CYC_0353,DIG,1,12.84
CYC_0353_P2,CYC_0353,LIFT,2,6.32
CYC_0353_P3,CYC_0353,SWING,3,6.6
CYC_0353_P4,CYC_0353,DUMP,4,6.11
CYC_0353_P5,CYC_0353,REPOSITION,5,13.51
CYC_0354_P1,CYC_0354,DIG,1,11.06
CYC_0354_P2,CYC_0354,LIFT,2,6.55
CYC_0354_P3,CYC_0354,SWING,3,7.29
CYC_0354_P4,CYC_0354,DUMP,4,5.47
CYC_0354_P5,CYC_0354,REPOSITION,5,8.95
CYC_0355_P1,CYC_0355,DIG,1,12.04
CYC_0355_P2,CYC_0355,LIFT,2,6.84
CYC_0355_P3,CYC_0355,SWING,3,7.65
CYC_0355_P4,CYC_0355,DUMP,4,5.37
CYC_0355_P5,CYC_0355,REPOSITION,5,12.87
CYC_0356_P1,CYC_0356,DIG,1,11.15
CYC_0356_P2,CYC_0356,LIFT,2,7.14
CYC_0356_P3,CYC_0356,SWING,3,8.6
CYC_0356_P4,CYC_0356,DUMP,4,6.25
CYC_0356_P5,CYC_0356,REPOSITION,5,11.98
CYC_0357_P1,CYC_0357,DIG,1,10.62
CYC_0357_P2,CYC_0357,LIFT,2,6.61
CYC_0357_P3,CYC_0357,SWING,3,6.96
CYC_0357_P4,CYC_0357,DUMP,4,6.42
CYC_0357_P5,CYC_0357,REPOSITION,5,13.59
CYC_0358_P1,CYC_0358,DIG,1,11.76
CYC_0358_P2,CYC_0358,LIFT,2,6.95
CYC_0358_P3,CYC_0358,SWING,3,7.93
CYC_0358_P4,CYC_0358,DUMP,4,5.68
CYC_0358_P5,CYC_0358,REPOSITION,5,11.67
CYC_0359_P1,CYC_0359,DIG,1,13.62
CYC_0359_P2,CYC_0359,LIFT,2,7.52
CYC_0359_P3,CYC_0359,SWING,3,7.61
CYC_0359_P4,CYC_0359,DUMP,4,6.56
CYC_0359_P5,CYC_0359,REPOSITION,5,8.98
CYC_0360_P1,CYC_0360,DIG,1,10.87
CYC_0360_P2,CYC_0360,LIFT,2,6.5
CYC_0360_P3,CYC_0360,SWING,3,7.77
CYC_0360_P4,CYC_0360,DUMP,4,5.48
CYC_0360_P5,CYC_0360,REPOSITION,5,8.76
CYC_0361_P1,CYC_0361,DIG,1,12.95
CYC_0361_P2,CYC_0361,LIFT,2,6.05
CYC_0361_P3,CYC_0361,SWING,3,7.77
CYC_0361_P4,CYC_0361,DUMP,4,5.56
CYC_0361_P5,CYC_0361,REPOSITION,5,11.18
CYC_0362_P1,CYC_0362,DIG,1,10.48
CYC_0362_P2,CYC_0362,LIFT,2,6.46
CYC_0362_P3,CYC_0362,SWING,3,7.53
CYC_0362_P4,CYC_0362,DUMP,4,5.47
CYC_0362_P5,CYC_0362,REPOSITION,5,8.58
CYC_0363_P1,CYC_0363,DIG,1,10.96
CYC_0363_P2,CYC_0363,LIFT,2,6.32
CYC_0363_P3,CYC_0363,SWING,3,7.44
CYC_0363_P4,CYC_0363,DUMP,4,5.71
CYC_0363_P5,CYC_0363,REPOSITION,5,9.0
CYC_0364_P1,CYC_0364,DIG,1,10.82
CYC_0364_P2,CYC_0364,LIFT,2,6.62
CYC_0364_P3,CYC_0364,SWING,3,7.8
CYC_0364_P4,CYC_0364,DUMP,4,5.73
CYC_0364_P5,CYC_0364,REPOSITION,5,8.36
CYC_0365_P1,CYC_0365,DIG,1,10.02
CYC_0365_P2,CYC_0365,LIFT,2,5.84
CYC_0365_P3,CYC_0365,SWING,3,7.03
CYC_0365_P4,CYC_0365,DUMP,4,5.44
CYC_0365_P5,CYC_0365,REPOSITION,5,9.63
CYC_0366_P1,CYC_0366,DIG,1,9.41
CYC_0366_P2,CYC_0366,LIFT,2,6.18
CYC_0366_P3,CYC_0366,SWING,3,6.73
CYC_0366_P4,CYC_0366,DUMP,4,5.94
CYC_0366_P5,CYC_0366,REPOSITION,5,10.43
CYC_0367_P1,CYC_0367,DIG,1,9.1
CYC_0367_P2,CYC_0367,LIFT,2,6.24
CYC_0367_P3,CYC_0367,SWING,3,6.49
CYC_0367_P4,CYC_0367,DUMP,4,4.77
CYC_0367_P5,CYC_0367,REPOSITION,5,9.04
CYC_0368_P1,CYC_0368,DIG,1,9.89
CYC_0368_P2,CYC_0368,LIFT,2,6.74
CYC_0368_P3,CYC_0368,SWING,3,7.41
CYC_0368_P4,CYC_0368,DUMP,4,5.8
CYC_0368_P5,CYC_0368,REPOSITION,5,11.44
CYC_0369_P1,CYC_0369,DIG,1,9.74
CYC_0369_P2,CYC_0369,LIFT,2,5.72
CYC_0369_P3,CYC_0369,SWING,3,6.36
CYC_0369_P4,CYC_0369,DUMP,4,5.57
CYC_0369_P5,CYC_0369,REPOSITION,5,8.74
CYC_0370_P1,CYC_0370,DIG,1,11.33
CYC_0370_P2,CYC_0370,LIFT,2,6.26
CYC_0370_P3,CYC_0370,SWING,3,6.82
CYC_0370_P4,CYC_0370,DUMP,4,5.09
CYC_0370_P5,CYC_0370,REPOSITION,5,11.41
CYC_0371_P1,CYC_0371,DIG,1,10.66
CYC_0371_P2,CYC_0371,LIFT,2,7.33
CYC_0371_P3,CYC_0371,SWING,3,7.06
CYC_0371_P4,CYC_0371,DUMP,4,5.44
CYC_0371_P5,CYC_0371,REPOSITION,5,10.52
CYC_0372_P1,CYC_0372,DIG,1,10.75
CYC_0372_P2,CYC_0372,LIFT,2,4.71
CYC_0372_P3,CYC_0372,SWING,3,7.45
CYC_0372_P4,CYC_0372,DUMP,4,5.69
CYC_0372_P5,CYC_0372,REPOSITION,5,9.34
CYC_0373_P1,CYC_0373,DIG,1,10.85
CYC_0373_P2,CYC_0373,LIFT,2,6.66
CYC_0373_P3,CYC_0373,SWING,3,7.34
CYC_0373_P4,CYC_0373,DUMP,4,6.35
CYC_0373_P5,CYC_0373,REPOSITION,5,10.38
CYC_0374_P1,CYC_0374,DIG,1,10.29
CYC_0374_P2,CYC_0374,LIFT,2,5.76
CYC_0374_P3,CYC_0374,SWING,3,6.64
CYC_0374_P4,CYC_0374,DUMP,4,5.74
CYC_0374_P5,CYC_0374,REPOSITION,5,8.69
CYC_0375_P1,CYC_0375,DIG,1,10.03
CYC_0375_P2,CYC_0375,LIFT,2,6.23
CYC_0375_P3,CYC_0375,SWING,3,7.87
CYC_0375_P4,CYC_0375,DUMP,4,5.71
CYC_0375_P5,CYC_0375,REPOSITION,5,11.74
CYC_0376_P1,CYC_0376,DIG,1,9.69
CYC_0376_P2,CYC_0376,LIFT,2,5.53
CYC_0376_P3,CYC_0376,SWING,3,7.64
CYC_0376_P4,CYC_0376,DUMP,4,5.84
CYC_0376_P5,CYC_0376,REPOSITION,5,7.87
CYC_0377_P1,CYC_0377,DIG,1,9.43
CYC_0377_P2,CYC_0377,LIFT,2,6.31
CYC_0377_P3,CYC_0377,SWING,3,8.27
CYC_0377_P4,CYC_0377,DUMP,4,6.18
CYC_0377_P5,CYC_0377,REPOSITION,5,9.74
CYC_0378_P1,CYC_0378,DIG,1,10.52
CYC_0378_P2,CYC_0378,LIFT,2,6.13
CYC_0378_P3,CYC_0378,SWING,3,6.69
CYC_0378_P4,CYC_0378,DUMP,4,6.96
CYC_0378_P5,CYC_0378,REPOSITION,5,9.97
CYC_0379_P1,CYC_0379,DIG,1,11.6
CYC_0379_P2,CYC_0379,LIFT,2,5.48
CYC_0379_P3,CYC_0379,SWING,3,5.82
CYC_0379_P4,CYC_0379,DUMP,4,6.82
CYC_0379_P5,CYC_0379,REPOSITION,5,9.52
CYC_0380_P1,CYC_0380,DIG,1,9.77
CYC_0380_P2,CYC_0380,LIFT,2,6.06
CYC_0380_P3,CYC_0380,SWING,3,6.84
CYC_0380_P4,CYC_0380,DUMP,4,5.55
CYC_0380_P5,CYC_0380,REPOSITION,5,9.45
CYC_0381_P1,CYC_0381,DIG,1,8.92
CYC_0381_P2,CYC_0381,LIFT,2,5.44
CYC_0381_P3,CYC_0381,SWING,3,8.01
CYC_0381_P4,CYC_0381,DUMP,4,5.36
CYC_0381_P5,CYC_0381,REPOSITION,5,14.09
CYC_0382_P1,CYC_0382,DIG,1,9.46
CYC_0382_P2,CYC_0382,LIFT,2,5.63
CYC_0382_P3,CYC_0382,SWING,3,6.99
CYC_0382_P4,CYC_0382,DUMP,4,5.19
CYC_0382_P5,CYC_0382,REPOSITION,5,9.69
CYC_0383_P1,CYC_0383,DIG,1,10.26
CYC_0383_P2,CYC_0383,LIFT,2,5.72
CYC_0383_P3,CYC_0383,SWING,3,7.15
CYC_0383_P4,CYC_0383,DUMP,4,5.74
CYC_0383_P5,CYC_0383,REPOSITION,5,8.18
CYC_0384_P1,CYC_0384,DIG,1,9.48
CYC_0384_P2,CYC_0384,LIFT,2,5.75
CYC_0384_P3,CYC_0384,SWING,3,7.11
CYC_0384_P4,CYC_0384,DUMP,4,5.62
CYC_0384_P5,CYC_0384,REPOSITION,5,9.6
